user_id,user_profile,target_item_id,target_name,target_profile,original_score,recommendation_threshold,gap_to_to_threshold,bridge_item_ids,bridge_names,bridge_profiles,minimum_alpha,final_rank,final_score,counterfactual_prompt,llama_explanation,strategy
0,"Based on the user's purchases and reviews, this user is likely to enjoy books that delve into the complexities of human relationships and individuals' interior lives. They appreciate psychological nuances, descriptive amplitude, and masterful storytelling. Furthermore, the user is drawn to books that explore post-war themes, examine the impact of wealth on society, and address socioeconomic issues. They enjoy classic literature and fictionalized studies of famous individuals. Overall, this user values books that provide insight into the human condition and provoke deep reflection.",1590,Collapse,Readers who are interested in the collapse of civilizations and the impact of environmental practices would enjoy this book.,10.059968948364258,10.22314739227295,0.1631784439086914,"[6095, 1825, 14918]","['The Lucifer Effect: Understanding How Good People Turn Evil', 'The Undoing Project: A Friendship that Changed the World', 'Zen and the Art of Motorcycle Maintenance: An Inquiry into Values']","['This book would appeal to psychology enthusiasts and those interested in understanding the darker side of human behavior.', 'The Undoing Project would appeal to users interested in behavioral economics, psychology, and the intersection of academia and real life.', 'Users who enjoy thought-provoking and introspective literature would appreciate Zen and the Art of Motorcycle Maintenance.']",0.1,10,10.111180305480957,"<s>[INST] <<SYS>>
You are a logic engine. Your goal is to explain how the BRIDGE BOOKS prove that the TARGET BOOK fits the USER PROFILE.
<</SYS>>

USER PROFILE: Based on the user's purchases and reviews, this user is likely to enjoy books that delve into the complexities of human relationships and individuals' interior lives. They appreciate psychological nuances, descriptive amplitude, and masterful storytelling. Furthermore, the user is drawn to books that explore post-war themes, examine the impact of wealth on society, and address socioeconomic issues. They enjoy classic literature and fictionalized studies of famous individuals. Overall, this user values books that provide insight into the human condition and provoke deep reflection.
TARGET: Collapse (Readers who are interested in the collapse of civilizations and the impact of environmental practices would enjoy this book.)
BRIDGES:
- The Lucifer Effect: Understanding How Good People Turn Evil: This book would appeal to psychology enthusiasts and those interested in understanding the darker side of human behavior.
- The Undoing Project: A Friendship that Changed the World: The Undoing Project would appeal to users interested in behavioral economics, psychology, and the intersection of academia and real life.
- Zen and the Art of Motorcycle Maintenance: An Inquiry into Values: Users who enjoy thought-provoking and introspective literature would appreciate Zen and the Art of Motorcycle Maintenance.
DATA: <USER_EMBED> <ITEM_EMBED>
[/INST] If the user explored The Lucifer Effect: Understanding How Good People Turn Evil, The Undoing Project: A Friendship that Changed the World, Zen and the Art of Motorcycle Maintenance: An Inquiry into Values, their preferences would shift toward 'Collapse'. Specifically, <EXPLAIN_POS>","the user is drawn to books that delve into human nature and provide insightful observations, but they seem uninterested in post-war themes or socioeconomic issues. The BRIDGES mentioned would appeal more to psychology enthusiasts interested in understanding darker aspects of behavior.",near_miss
1,"This user is likely to enjoy immersive war novels with emotional depth, complex characters, and engaging plot twists. They also enjoy snarky, sexy, and funny paranormal and contemporary novels with memorable characters. Additionally, they appreciate vampire novels with warm and caring characters. Finally, they enjoy emotional and heartfelt young adult novels with unique and compelling stories.",13340,Giving It Up (The Lost Girls),"Fans of dark, emotional romance novels with explicit content would enjoy Giving It Up (The Lost Girls)",9.58673095703125,9.596467018127441,0.009736061096191406,"[15127, 7703, 12325]","['Dirty Aristocrat: British billionaire bad boy romance', 'Trigger: A Circle of Justice Novel', 'One Insatiable']","['Fans of steamy, suspenseful, and unpredictable romance novels with bad boy characters will enjoy Dirty Aristocrat: British billionaire bad boy romance.', ""Fans of romantic suspense novels and readers who enjoy series with interconnected characters would enjoy 'Trigger: A Circle of Justice Novel'."", ""Fans of erotic romance novels with strong female characters and alpha male love interests would enjoy 'One Insatiable'.""]",0.1,10,9.235990524291992,"<s>[INST] <<SYS>>
You are a logic engine. Your goal is to explain how the BRIDGE BOOKS prove that the TARGET BOOK fits the USER PROFILE.
<</SYS>>

USER PROFILE: This user is likely to enjoy immersive war novels with emotional depth, complex characters, and engaging plot twists. They also enjoy snarky, sexy, and funny paranormal and contemporary novels with memorable characters. Additionally, they appreciate vampire novels with warm and caring characters. Finally, they enjoy emotional and heartfelt young adult novels with unique and compelling stories.
TARGET: Giving It Up (The Lost Girls) (Fans of dark, emotional romance novels with explicit content would enjoy Giving It Up (The Lost Girls))
BRIDGES:
- Dirty Aristocrat: British billionaire bad boy romance: Fans of steamy, suspenseful, and unpredictable romance novels with bad boy characters will enjoy Dirty Aristocrat: British billionaire bad boy romance.
- Trigger: A Circle of Justice Novel: Fans of romantic suspense novels and readers who enjoy series with interconnected characters would enjoy 'Trigger: A Circle of Justice Novel'.
- One Insatiable: Fans of erotic romance novels with strong female characters and alpha male love interests would enjoy 'One Insatiable'.
DATA: <USER_EMBED> <ITEM_EMBED>
[/INST] If the user explored Dirty Aristocrat: British billionaire bad boy romance, Trigger: A Circle of Justice Novel, One Insatiable, their preferences would shift toward 'Giving It Up (The Lost Girls)'. Specifically, <EXPLAIN_POS>","the user's enjoyment of ""Giving It Up"" would increase if they were to explore more books like Dirty Aristocrat and One Insatiable, as well as other series with interconnected characters.",near_miss
2,"This user is likely to enjoy action-packed thrillers, fast-paced mystery novels, war novels, and biographies of historical figures. They enjoy books with well-developed characters, gripping storylines, and emotionally impactful stories.",3707,"Bad Luck and Trouble (Jack Reacher, No. 11)",Fans of action-packed thrillers with a strong and resourceful protagonist would enjoy 'Bad Luck and Trouble' by Lee Child.,12.47917366027832,12.49473762512207,0.01556396484375,"[1402, 2094, 606]","['Prince of Fire', 'Worth Dying For: A Reacher Novel (Jack Reacher)', 'Prayers for Rain (Patrick Kenzie and Angela Gennaro Series)']","['Users who are interested in purchasing this specific edition of the book will enjoy Prince of Fire.', ""Fans of suspense and thriller novels will enjoy 'Worth Dying For: A Reacher Novel' by Lee Child."", 'Fans of detective novels and hard-boiled thrillers will enjoy Prayers for Rain. The well-oiled plot mechanics, edge-of-the-knife dialogue, and explosive bursts of violence make this book a thrilling experience. It is also praised by Stephen King, ensuring its appeal to mystery and crime lovers.']",0.05,10,12.57008171081543,"<s>[INST] <<SYS>>
You are a logic engine. Your goal is to explain how the BRIDGE BOOKS prove that the TARGET BOOK fits the USER PROFILE.
<</SYS>>

USER PROFILE: This user is likely to enjoy action-packed thrillers, fast-paced mystery novels, war novels, and biographies of historical figures. They enjoy books with well-developed characters, gripping storylines, and emotionally impactful stories.
TARGET: Bad Luck and Trouble (Jack Reacher, No. 11) (Fans of action-packed thrillers with a strong and resourceful protagonist would enjoy 'Bad Luck and Trouble' by Lee Child.)
BRIDGES:
- Prince of Fire: Users who are interested in purchasing this specific edition of the book will enjoy Prince of Fire.
- Worth Dying For: A Reacher Novel (Jack Reacher): Fans of suspense and thriller novels will enjoy 'Worth Dying For: A Reacher Novel' by Lee Child.
- Prayers for Rain (Patrick Kenzie and Angela Gennaro Series): Fans of detective novels and hard-boiled thrillers will enjoy Prayers for Rain. The well-oiled plot mechanics, edge-of-the-knife dialogue, and explosive bursts of violence make this book a thrilling experience. It is also praised by Stephen King, ensuring its appeal to mystery and crime lovers.
DATA: <USER_EMBED> <ITEM_EMBED>
[/INST] If the user explored Prince of Fire, Worth Dying For: A Reacher Novel (Jack Reacher), Prayers for Rain (Patrick Kenzie and Angela Gennaro Series), their preferences would shift toward 'Bad Luck and Trouble (Jack Reacher, No. 11)'. Specifically, <EXPLAIN_POS>","The user may enjoy ""Bad Luck and Trouble"" if they are looking for a fast-paced, action-packed thriller with an intriguing plot featuring Jack Reacher. The novel's ability to keep the reader engaged throughout is impressive.",near_miss
3,"This user is likely to enjoy historical fiction, royal family stories, deep and thought-provoking literature, thriller and suspense novels, and purchasing used books.",15216,By Marie Kondo The Life-Changing Magic of Tidying Up: The Japanese Art of Decluttering and Organizing (Unabridged CD) [Audio CD],Users who enjoy books on personal development and organizing will find Marie Kondo's 'The Life-Changing Magic of Tidying Up' appealing. This book is especially suited for individuals seeking practical advice on decluttering and organizing their living spaces.,11.57775592803955,11.766862869262695,0.18910694122314453,"[1630, 9470, 615]","['Saving CeeCee Honeycutt', 'item_9470', 'The Pioneer Woman Cooks: Food from My Frontier']","[""Fans of heartwarming coming-of-age stories with themes of resilience, family, and self-discovery will enjoy 'Saving CeeCee Honeycutt'."", 'Fans of love stories set in exotic locations, with a touch of spirituality and poetic writing, will enjoy The Art of Hearing Heartbeats.', ""Fans of hearty and home-style cooking will enjoy 'The Pioneer Woman Cooks: Food from My Frontier'. The step-by-step instructions and mouthwatering recipes are illustrated with photographs, making it easy for readers to recreate the dishes. Additionally, the author's ability to simplify exotic-sounding dishes appeals to both novice and experienced cooks.""]",0.4,10,11.827556610107422,"<s>[INST] <<SYS>>
You are a logic engine. Your goal is to explain how the BRIDGE BOOKS prove that the TARGET BOOK fits the USER PROFILE.
<</SYS>>

USER PROFILE: This user is likely to enjoy historical fiction, royal family stories, deep and thought-provoking literature, thriller and suspense novels, and purchasing used books.
TARGET: By Marie Kondo The Life-Changing Magic of Tidying Up: The Japanese Art of Decluttering and Organizing (Unabridged CD) [Audio CD] (Users who enjoy books on personal development and organizing will find Marie Kondo's 'The Life-Changing Magic of Tidying Up' appealing. This book is especially suited for individuals seeking practical advice on decluttering and organizing their living spaces.)
BRIDGES:
- Saving CeeCee Honeycutt: Fans of heartwarming coming-of-age stories with themes of resilience, family, and self-discovery will enjoy 'Saving CeeCee Honeycutt'.
- item_9470: Fans of love stories set in exotic locations, with a touch of spirituality and poetic writing, will enjoy The Art of Hearing Heartbeats.
- The Pioneer Woman Cooks: Food from My Frontier: Fans of hearty and home-style cooking will enjoy 'The Pioneer Woman Cooks: Food from My Frontier'. The step-by-step instructions and mouthwatering recipes are illustrated with photographs, making it easy for readers to recreate the dishes. Additionally, the author's ability to simplify exotic-sounding dishes appeals to both novice and experienced cooks.
DATA: <USER_EMBED> <ITEM_EMBED>
[/INST] If the user explored Saving CeeCee Honeycutt, item_9470, The Pioneer Woman Cooks: Food from My Frontier, their preferences would shift toward 'By Marie Kondo The Life-Changing Magic of Tidying Up: The Japanese Art of Decluttering and Organizing (Unabridged CD) [Audio CD]'. Specifically, <EXPLAIN_POS>","the user would enjoy it if they were looking for a light, easy read with some interesting insights into minimalism and decluttering.",near_miss
4,"Based on the user's book purchases and reviews, it can be concluded that the user enjoys a variety of genres. The user enjoys classic literature, Christian romance, historical murder mysteries, and contemporary romance novels with a blend of mystery and genealogy themes.",6407,A Change of Fortune,"This book will be enjoyed by fans of historical romance and those who appreciate witty dialogue, spunky heroines, and fast-paced plots.",7.819407939910889,7.834725379943848,0.015317440032958984,"[13088, 7180, 11306]","['Miriam: A Treasures of the Nile Novel', 'Courting Morrow Little: A Novel', 'The Masterpiece']","[""Readers who enjoy biblical fiction and stories of faith would appreciate Miriam: A Treasures of the Nile Novel. The book provides a unique perspective on the story of Miriam, sister of Moses, and offers a nuanced portrayal of her strong faith and struggles to understand God's plan. The author's in-depth Bible knowledge and storytelling flair bring the past to life, making this biblical fiction at its finest. The book also appeals to those who are interested in the Exodus story and want to gain a new and vibrant appreciation for life in Egypt during that time."", 'Readers who enjoy historical romance novels would enjoy this book.', ""Readers who enjoy character-driven romance novels with themes of redemption and faith, and who appreciate stories that tackle difficult topics with unapologetic directness, would enjoy 'The Masterpiece' by Francine Rivers.""]",0.05,7,7.930536270141602,"<s>[INST] <<SYS>>
You are a logic engine. Your goal is to explain how the BRIDGE BOOKS prove that the TARGET BOOK fits the USER PROFILE.
<</SYS>>

USER PROFILE: Based on the user's book purchases and reviews, it can be concluded that the user enjoys a variety of genres. The user enjoys classic literature, Christian romance, historical murder mysteries, and contemporary romance novels with a blend of mystery and genealogy themes.
TARGET: A Change of Fortune (This book will be enjoyed by fans of historical romance and those who appreciate witty dialogue, spunky heroines, and fast-paced plots.)
BRIDGES:
- Miriam: A Treasures of the Nile Novel: Readers who enjoy biblical fiction and stories of faith would appreciate Miriam: A Treasures of the Nile Novel. The book provides a unique perspective on the story of Miriam, sister of Moses, and offers a nuanced portrayal of her strong faith and struggles to understand God's plan. The author's in-depth Bible knowledge and storytelling flair bring the past to life, making this biblical fiction at its finest. The book also appeals to those who are interested in the Exodus story and want to gain a new and vibrant appreciation for life in Egypt during that time.
- Courting Morrow Little: A Novel: Readers who enjoy historical romance novels would enjoy this book.
- The Masterpiece: Readers who enjoy character-driven romance novels with themes of redemption and faith, and who appreciate stories that tackle difficult topics with unapologetic directness, would enjoy 'The Masterpiece' by Francine Rivers.
DATA: <USER_EMBED> <ITEM_EMBED>
[/INST] If the user explored Miriam: A Treasures of the Nile Novel, Courting Morrow Little: A Novel, The Masterpiece, their preferences would shift toward 'A Change of Fortune'. Specifically, <EXPLAIN_POS>","the user's interest in historical romance novels and their enjoyment of fast-paced plots would make them more likely to choose ""A Change of Fortune.""",near_miss
5,"Based on the user's purchased books and reviews, this user is likely to enjoy thought-provoking stories with a focus on social issues and moral dilemmas, as well as books that explore the world of espionage, adventure, and self-discovery.",359,Freakonomics: A Rogue Economist Explores the Hidden Side of Everything - by Steven D. Levitt &amp; Stephen J. Dubner,"Freakonomics is a book that would appeal to curious individuals who enjoy exploring the hidden side of everyday life. It offers a fresh perspective on economics by asking unconventional questions and drawing unexpected connections. Readers who appreciate analytical thinking and are interested in topics such as crime rates, social phenomena, and parenting methods will find this book intriguing.",9.76086711883545,9.80045223236084,0.039585113525390625,"[6150, 3585, 137]","['Last Call: The Rise and Fall of Prohibition', ""Ghost Soldiers: The Forgotten Epic Story of World War II's Most Dramatic Mission"", 'Eats, Shoots and Leaves']","['History enthusiasts and fans of intriguing stories would enjoy this book. ', 'Fans of World War II history and stories of courage and heroism will enjoy Ghost Soldiers.', 'A summarization of what types of users would enjoy this book']",0.05,10,9.812294006347656,"<s>[INST] <<SYS>>
You are a logic engine. Your goal is to explain how the BRIDGE BOOKS prove that the TARGET BOOK fits the USER PROFILE.
<</SYS>>

USER PROFILE: Based on the user's purchased books and reviews, this user is likely to enjoy thought-provoking stories with a focus on social issues and moral dilemmas, as well as books that explore the world of espionage, adventure, and self-discovery.
TARGET: Freakonomics: A Rogue Economist Explores the Hidden Side of Everything - by Steven D. Levitt &amp; Stephen J. Dubner (Freakonomics is a book that would appeal to curious individuals who enjoy exploring the hidden side of everyday life. It offers a fresh perspective on economics by asking unconventional questions and drawing unexpected connections. Readers who appreciate analytical thinking and are interested in topics such as crime rates, social phenomena, and parenting methods will find this book intriguing.)
BRIDGES:
- Last Call: The Rise and Fall of Prohibition: History enthusiasts and fans of intriguing stories would enjoy this book. 
- Ghost Soldiers: The Forgotten Epic Story of World War II's Most Dramatic Mission: Fans of World War II history and stories of courage and heroism will enjoy Ghost Soldiers.
- Eats, Shoots and Leaves: A summarization of what types of users would enjoy this book
DATA: <USER_EMBED> <ITEM_EMBED>
[/INST] If the user explored Last Call: The Rise and Fall of Prohibition, Ghost Soldiers: The Forgotten Epic Story of World War II's Most Dramatic Mission, Eats, Shoots and Leaves, their preferences would shift toward 'Freakonomics: A Rogue Economist Explores the Hidden Side of Everything - by Steven D. Levitt &amp; Stephen J. Dubner'. Specifically, <EXPLAIN_POS>","the user's interest in historical events and stories would align with ""Freakonomics.""",near_miss
6,"This user is likely to enjoy books that fall into the genres of historical fiction, political drama, modernist literature, experimental prose, ancient Rome, and classic literature. The user is interested in rich characterizations, broad humor, unique editions, and books that offer a unique perspective on the intersection of individual psychology and wider politics.",262,To Kill a Mockingbird,Readers who enjoy thought-provoking and socially relevant stories would appreciate 'To Kill a Mockingbird'.,11.097896575927734,11.115478515625,0.017581939697265625,"[1967, 1292, 68]","['The Reader (Movie Tie-in Edition) (Vintage International)', 'Cannery Row', 'The Alchemist']","['""The Reader"" is a novel that would appeal to readers who appreciate beautifully written and morally complex stories with elements of suspense and eroticism.', 'Fans of dark humor and insightful social commentary would enjoy Cannery Row by John Steinbeck.', 'The Alchemist is a book that would resonate with users interested in personal growth, spirituality, and self-discovery.']",0.05,10,11.313674926757812,"<s>[INST] <<SYS>>
You are a logic engine. Your goal is to explain how the BRIDGE BOOKS prove that the TARGET BOOK fits the USER PROFILE.
<</SYS>>

USER PROFILE: This user is likely to enjoy books that fall into the genres of historical fiction, political drama, modernist literature, experimental prose, ancient Rome, and classic literature. The user is interested in rich characterizations, broad humor, unique editions, and books that offer a unique perspective on the intersection of individual psychology and wider politics.
TARGET: To Kill a Mockingbird (Readers who enjoy thought-provoking and socially relevant stories would appreciate 'To Kill a Mockingbird'.)
BRIDGES:
- The Reader (Movie Tie-in Edition) (Vintage International): ""The Reader"" is a novel that would appeal to readers who appreciate beautifully written and morally complex stories with elements of suspense and eroticism.
- Cannery Row: Fans of dark humor and insightful social commentary would enjoy Cannery Row by John Steinbeck.
- The Alchemist: The Alchemist is a book that would resonate with users interested in personal growth, spirituality, and self-discovery.
DATA: <USER_EMBED> <ITEM_EMBED>
[/INST] If the user explored The Reader (Movie Tie-in Edition) (Vintage International), Cannery Row, The Alchemist, their preferences would shift toward 'To Kill a Mockingbird'. Specifically, <EXPLAIN_POS>","The user may enjoy ""To Kill a Mockingbird"" because it is an excellent work of literature with memorable characters, despite its controversial themes. This shows that the user's preferences are not limited to just one genre.",near_miss
7,"Based on the user's reviews and ratings, this user is likely to enjoy historical fiction novels with compelling love stories, fast-paced and captivating reads, and stories about strong women overcoming challenges.",2599,The Snow Child: A Novel,"Fans of atmospheric and immersive reads will enjoy 'The Snow Child: A Novel'. The book combines elements of a Russian fairy tale with a story set in 1920s Alaska, creating a unique and captivating setting. It explores themes of love, hope, and the connection between man and nature. The descriptions of the Alaskan wilderness are vivid and beautifully written, drawing readers into the harsh yet breathtaking landscape. The narrative also touches on the power of friendship and the bond between a childless couple and a surrogate child. Overall, this book offers a compelling and enchanting reading experience.",8.426122665405273,8.491165161132812,0.06504249572753906,"[4749, 2054, 1500]","['The Ice Cream Queen of Orchard Street: A Novel', ""Major Pettigrew's Last Stand: A Novel"", 'We Are All Completely Beside Ourselves: A Novel']","['Fans of historical fiction and immigrant narratives would enjoy The Ice Cream Queen of Orchard Street. The book explores themes of deception, identity, and resilience through the life of Malka/Lillian, an immigrant who overcomes adversity and builds an empire in the ice cream business. The story is filled with humor and moxie, and offers a unique perspective on the immigrant experience in early twentieth-century America.', ""Fans of romantic comedies set in small English villages, with a touch of humor and warmth, will enjoy Major Pettigrew's Last Stand. The book explores themes of love, cultural barriers, and the power of friendships. It is praised for its skilled storytelling, well-drawn characters, and its ability to capture the nuances of mature love. Simonson's witty and insightful writing keeps readers engaged and entertained throughout the novel."", ""Fans of thought-provoking novels that explore the complexities of human relationships and identity will enjoy 'We Are All Completely Beside Ourselves'. With its blend of comedy, emotion, and suspense, this book appeals to readers who appreciate books that challenge societal norms and delve into topics such as memory, cognition, and language. The story of the unique family dynamics and the profound impact of loss on relationships makes this an emotionally gripping and intellectually stimulating read.""]",0.25,10,9.177719116210938,"<s>[INST] <<SYS>>
You are a logic engine. Your goal is to explain how the BRIDGE BOOKS prove that the TARGET BOOK fits the USER PROFILE.
<</SYS>>

USER PROFILE: Based on the user's reviews and ratings, this user is likely to enjoy historical fiction novels with compelling love stories, fast-paced and captivating reads, and stories about strong women overcoming challenges.
TARGET: The Snow Child: A Novel (Fans of atmospheric and immersive reads will enjoy 'The Snow Child: A Novel'. The book combines elements of a Russian fairy tale with a story set in 1920s Alaska, creating a unique and captivating setting. It explores themes of love, hope, and the connection between man and nature. The descriptions of the Alaskan wilderness are vivid and beautifully written, drawing readers into the harsh yet breathtaking landscape. The narrative also touches on the power of friendship and the bond between a childless couple and a surrogate child. Overall, this book offers a compelling and enchanting reading experience.)
BRIDGES:
- The Ice Cream Queen of Orchard Street: A Novel: Fans of historical fiction and immigrant narratives would enjoy The Ice Cream Queen of Orchard Street. The book explores themes of deception, identity, and resilience through the life of Malka/Lillian, an immigrant who overcomes adversity and builds an empire in the ice cream business. The story is filled with humor and moxie, and offers a unique perspective on the immigrant experience in early twentieth-century America.
- Major Pettigrew's Last Stand: A Novel: Fans of romantic comedies set in small English villages, with a touch of humor and warmth, will enjoy Major Pettigrew's Last Stand. The book explores themes of love, cultural barriers, and the power of friendships. It is praised for its skilled storytelling, well-drawn characters, and its ability to capture the nuances of mature love. Simonson's witty and insightful writing keeps readers engaged and entertained throughout the novel.
- We Are All Completely Beside Ourselves: A Novel: Fans of thought-provoking novels that explore the complexities of human relationships and identity will enjoy 'We Are All Completely Beside Ourselves'. With its blend of comedy, emotion, and suspense, this book appeals to readers who appreciate books that challenge societal norms and delve into topics such as memory, cognition, and language. The story of the unique family dynamics and the profound impact of loss on relationships makes this an emotionally gripping and intellectually stimulating read.
DATA: <USER_EMBED> <ITEM_EMBED>
[/INST] If the user explored The Ice Cream Queen of Orchard Street: A Novel, Major Pettigrew's Last Stand: A Novel, We Are All Completely Beside Ourselves: A Novel, their preferences would shift toward 'The Snow Child: A Novel'. Specifically, <EXPLAIN_POS>","1) The user would enjoy the novel because of its beautiful prose, vivid descriptions and immersive storytelling. 2) They may also appreciate other books with similar themes such as ""The Snow Child"" or novels set in Alaska.",near_miss
8,"Based on the user's reviews and ratings, this user is likely to enjoy books that have richly developed characters and engaging storytelling. The user appreciates books that cross boundaries and defy classification, with themes that explore deep emotions and thought-provoking questions about life, humanity, and society. The user enjoys books that have a combination of beauty, darkness, and melancholy. The user particularly enjoys literary fiction with elements of fantasy, as well as historical and general fiction. The user also appreciates books that have intricate world-building and explore themes of faith, religion, violence, and the human condition.",1258,The Night Circus (Vintage Magic),Fans of magic and mystery will enjoy The Night Circus.,10.493606567382812,10.588422775268555,0.09481620788574219,"[819, 3861, 2513]","['The Ocean at the End of the Lane CD: A Novel', 'The Lonely Polygamist: A Novel', 'Bossypants']","[""Fans of spooky and magical stories will enjoy 'The Ocean at the End of the Lane CD: A Novel'."", 'Readers who enjoy tragicomic family dramas with a focus on complex characters and American vernacular would enjoy The Lonely Polygamist: A Novel.', ""Fans of Tina Fey's comedic style and self-deprecating humor will enjoy Bossypants.""]",0.1,10,10.808460235595703,"<s>[INST] <<SYS>>
You are a logic engine. Your goal is to explain how the BRIDGE BOOKS prove that the TARGET BOOK fits the USER PROFILE.
<</SYS>>

USER PROFILE: Based on the user's reviews and ratings, this user is likely to enjoy books that have richly developed characters and engaging storytelling. The user appreciates books that cross boundaries and defy classification, with themes that explore deep emotions and thought-provoking questions about life, humanity, and society. The user enjoys books that have a combination of beauty, darkness, and melancholy. The user particularly enjoys literary fiction with elements of fantasy, as well as historical and general fiction. The user also appreciates books that have intricate world-building and explore themes of faith, religion, violence, and the human condition.
TARGET: The Night Circus (Vintage Magic) (Fans of magic and mystery will enjoy The Night Circus.)
BRIDGES:
- The Ocean at the End of the Lane CD: A Novel: Fans of spooky and magical stories will enjoy 'The Ocean at the End of the Lane CD: A Novel'.
- The Lonely Polygamist: A Novel: Readers who enjoy tragicomic family dramas with a focus on complex characters and American vernacular would enjoy The Lonely Polygamist: A Novel.
- Bossypants: Fans of Tina Fey's comedic style and self-deprecating humor will enjoy Bossypants.
DATA: <USER_EMBED> <ITEM_EMBED>
[/INST] If the user explored The Ocean at the End of the Lane CD: A Novel, The Lonely Polygamist: A Novel, Bossypants, their preferences would shift toward 'The Night Circus (Vintage Magic)'. Specifically, <EXPLAIN_POS>","""The Night Circus"" would be a better fit for the user, as it features magical realism and explores themes of love, loss, hope, tragedy, mystery, beauty, darkness, melancholy, faith, religion, violence, human condition.",near_miss
9,"This user is likely to enjoy action-packed thrillers, romance and suspense novels, and thrilling detective novels.",1031,Go Set a Watchman: A Novel,"Users interested in exploring the complex issues of race, morality, and history in America would enjoy Go Set a Watchman.",9.472810745239258,9.475679397583008,0.00286865234375,"[5207, 3814, 2825]","['A Column of Fire (Kingsbridge)', 'Born a Crime', 'The Quiet Game']","[""Fans of historical epics with adventure, suspense, and detailed historical settings would enjoy 'A Column of Fire'"", ""Fans of autobiographical and historical books, as well as those interested in South African history and race relations, would enjoy 'Born a Crime'."", ""Fans of crime fiction and mystery novels would enjoy 'The Quiet Game' by Penn Cage. The story revolves around a District Attorney who uncovers a long-forgotten crime in his hometown, Natchez, Mississippi. This book offers a compelling blend of legal drama, personal introspection, and a deep exploration of community dynamics.""]",0.05,10,9.637219429016113,"<s>[INST] <<SYS>>
You are a logic engine. Your goal is to explain how the BRIDGE BOOKS prove that the TARGET BOOK fits the USER PROFILE.
<</SYS>>

USER PROFILE: This user is likely to enjoy action-packed thrillers, romance and suspense novels, and thrilling detective novels.
TARGET: Go Set a Watchman: A Novel (Users interested in exploring the complex issues of race, morality, and history in America would enjoy Go Set a Watchman.)
BRIDGES:
- A Column of Fire (Kingsbridge): Fans of historical epics with adventure, suspense, and detailed historical settings would enjoy 'A Column of Fire'
- Born a Crime: Fans of autobiographical and historical books, as well as those interested in South African history and race relations, would enjoy 'Born a Crime'.
- The Quiet Game: Fans of crime fiction and mystery novels would enjoy 'The Quiet Game' by Penn Cage. The story revolves around a District Attorney who uncovers a long-forgotten crime in his hometown, Natchez, Mississippi. This book offers a compelling blend of legal drama, personal introspection, and a deep exploration of community dynamics.
DATA: <USER_EMBED> <ITEM_EMBED>
[/INST] If the user explored A Column of Fire (Kingsbridge), Born a Crime, The Quiet Game, their preferences would shift toward 'Go Set a Watchman: A Novel'. Specifically, <EXPLAIN_POS>","3/4 of the user's preferences are related to their enjoyment, and they have no interest in ""Go Set a Watchman"" despite its strong connection with Harper Lee. The BRIDGES books would provide an excellent opportunity for users interested in exploring different genres.",near_miss
10,"Based on the user's purchases and reviews, this user is likely to enjoy books that explore thought-provoking social commentaries, survival in challenging environments, personal growth, and the complexities of intelligence. The user is drawn to stories that combine instinct and intelligence, as well as themes of identity, nature, and the human-animal bond.",5329,Emma (Bantam Classics),Fans of Jane Austen and classic literature lovers would enjoy this book.,7.831570625305176,7.846973419189453,0.015402793884277344,"[388, 1272, 14834]","['The Phantom of the Opera: The Original Novel', ""One Flew Over the Cuckoo's Nest"", 'The Complete Sherlock Holmes (Volume One)']","[""Fans of classic literature and Gothic romance would enjoy 'The Phantom of the Opera: The Original Novel'."", ""Fans of thought-provoking and socially relevant novels that explore the human nature and critique societal norms would enjoy One Flew Over the Cuckoo's Nest."", 'Fans of mystery and detective fiction would enjoy The Complete Sherlock Holmes (Volume One).']",0.05,10,7.959352970123291,"<s>[INST] <<SYS>>
You are a logic engine. Your goal is to explain how the BRIDGE BOOKS prove that the TARGET BOOK fits the USER PROFILE.
<</SYS>>

USER PROFILE: Based on the user's purchases and reviews, this user is likely to enjoy books that explore thought-provoking social commentaries, survival in challenging environments, personal growth, and the complexities of intelligence. The user is drawn to stories that combine instinct and intelligence, as well as themes of identity, nature, and the human-animal bond.
TARGET: Emma (Bantam Classics) (Fans of Jane Austen and classic literature lovers would enjoy this book.)
BRIDGES:
- The Phantom of the Opera: The Original Novel: Fans of classic literature and Gothic romance would enjoy 'The Phantom of the Opera: The Original Novel'.
- One Flew Over the Cuckoo's Nest: Fans of thought-provoking and socially relevant novels that explore the human nature and critique societal norms would enjoy One Flew Over the Cuckoo's Nest.
- The Complete Sherlock Holmes (Volume One): Fans of mystery and detective fiction would enjoy The Complete Sherlock Holmes (Volume One).
DATA: <USER_EMBED> <ITEM_EMBED>
[/INST] If the user explored The Phantom of the Opera: The Original Novel, One Flew Over the Cuckoo's Nest, The Complete Sherlock Holmes (Volume One), their preferences would shift toward 'Emma (Bantam Classics)'. Specifically, <EXPLAIN_POS>","the user's enjoyment of ""Emma"" may be due to their familiarity with Jane Austen and classic literature, as well as a desire for lighthearted stories without complex themes or heavy subject matter.",near_miss
11,"Based on the user's purchased books and reviews, this user is likely to enjoy immersive war novels with complex characters and emotional depth, as well as powerful and visceral depictions of the black experience in relation to American society. The user is also likely to appreciate political novels with themes of good and evil, power, and political corruption, as well as thrillers and suspense novels with a focus on assassinations and political intrigue.",1959,"In the Garden of Beasts: Love, Terror, and an American Family in Hitler's Berlin","History enthusiasts, political thriller fans, and those interested in World War II would enjoy this book.",13.57764720916748,13.78675651550293,0.20910930633544922,"[3594, 214, 2916]","['The Life and Times of the Thunderbolt Kid: A Memoir (Random House Large Print)', 'The Sun Also Rises (Scribner Classics)', 'Nicholas and Alexandra: The Classic Account of the Fall of the Romanov Dynasty']","[""Baby Boomers nostalgic for the good old days and those who enjoy humorous and nostalgic memoirs would enjoy 'The Life and Times of the Thunderbolt Kid'."", 'Fans of classic literature and those interested in post-World War I themes would enjoy The Sun Also Rises. The novel explores the lives of disillusioned expatriates in France and Spain during the 1920s, highlighting the struggles and psychological wounds of the post-war Lost Generation. The complex characters, particularly Lady Brett Ashley and Jake Barnes, reflect the aimlessness and moral ambiguity of the time. The themes of friendship, stoicism, and grace under pressure provide insight into the values that matter in a seemingly amoral world.', 'History enthusiasts and fans of royal biographies would enjoy Nicholas and Alexandra: The Classic Account of the Fall of the Romanov Dynasty.']",0.1,9,13.264859199523926,"<s>[INST] <<SYS>>
You are a logic engine. Your goal is to explain how the BRIDGE BOOKS prove that the TARGET BOOK fits the USER PROFILE.
<</SYS>>

USER PROFILE: Based on the user's purchased books and reviews, this user is likely to enjoy immersive war novels with complex characters and emotional depth, as well as powerful and visceral depictions of the black experience in relation to American society. The user is also likely to appreciate political novels with themes of good and evil, power, and political corruption, as well as thrillers and suspense novels with a focus on assassinations and political intrigue.
TARGET: In the Garden of Beasts: Love, Terror, and an American Family in Hitler's Berlin (History enthusiasts, political thriller fans, and those interested in World War II would enjoy this book.)
BRIDGES:
- The Life and Times of the Thunderbolt Kid: A Memoir (Random House Large Print): Baby Boomers nostalgic for the good old days and those who enjoy humorous and nostalgic memoirs would enjoy 'The Life and Times of the Thunderbolt Kid'.
- The Sun Also Rises (Scribner Classics): Fans of classic literature and those interested in post-World War I themes would enjoy The Sun Also Rises. The novel explores the lives of disillusioned expatriates in France and Spain during the 1920s, highlighting the struggles and psychological wounds of the post-war Lost Generation. The complex characters, particularly Lady Brett Ashley and Jake Barnes, reflect the aimlessness and moral ambiguity of the time. The themes of friendship, stoicism, and grace under pressure provide insight into the values that matter in a seemingly amoral world.
- Nicholas and Alexandra: The Classic Account of the Fall of the Romanov Dynasty: History enthusiasts and fans of royal biographies would enjoy Nicholas and Alexandra: The Classic Account of the Fall of the Romanov Dynasty.
DATA: <USER_EMBED> <ITEM_EMBED>
[/INST] If the user explored The Life and Times of the Thunderbolt Kid: A Memoir (Random House Large Print), The Sun Also Rises (Scribner Classics), Nicholas and Alexandra: The Classic Account of the Fall of the Romanov Dynasty, their preferences would shift toward 'In the Garden of Beasts: Love, Terror, and an American Family in Hitler's Berlin'. Specifically, <EXPLAIN_POS>","the user's interest in immersive war novels with complex characters and emotional depth, as well as powerful depictions of the black experience in relation to American society, would be satisfied by ""In The Garden Of Beasts"".",near_miss
12,"This user is likely to enjoy books that are classic adventure novels with intricate plots and compelling characters, books about World War II history and stories of courage and heroism, books about military history and personal memoirs, and books about classic Hollywood films and memoirs with strong female leads.",1364,War and Peace (Penguin Classics),Readers who appreciate classic novels and historical fiction would enjoy 'War and Peace'.,11.2948637008667,11.310783386230469,0.01591968536376953,"[418, 6150, 112]","['The Forgotten Man: A New History of the Great Depression', 'Last Call: The Rise and Fall of Prohibition', 'Predictably Irrational: The Hidden Forces That Shape Our Decisions']","['Readers interested in a fresh and controversial perspective on the Great Depression and the New Deal would enjoy this book.', 'History enthusiasts and fans of intriguing stories would enjoy this book. ', ""Fans of psychology and economics, as well as individuals interested in understanding the hidden forces that shape our decisions, will enjoy 'Predictably Irrational: The Hidden Forces That Shape Our Decisions'.""]",0.1,10,11.150812149047852,"<s>[INST] <<SYS>>
You are a logic engine. Your goal is to explain how the BRIDGE BOOKS prove that the TARGET BOOK fits the USER PROFILE.
<</SYS>>

USER PROFILE: This user is likely to enjoy books that are classic adventure novels with intricate plots and compelling characters, books about World War II history and stories of courage and heroism, books about military history and personal memoirs, and books about classic Hollywood films and memoirs with strong female leads.
TARGET: War and Peace (Penguin Classics) (Readers who appreciate classic novels and historical fiction would enjoy 'War and Peace'.)
BRIDGES:
- The Forgotten Man: A New History of the Great Depression: Readers interested in a fresh and controversial perspective on the Great Depression and the New Deal would enjoy this book.
- Last Call: The Rise and Fall of Prohibition: History enthusiasts and fans of intriguing stories would enjoy this book. 
- Predictably Irrational: The Hidden Forces That Shape Our Decisions: Fans of psychology and economics, as well as individuals interested in understanding the hidden forces that shape our decisions, will enjoy 'Predictably Irrational: The Hidden Forces That Shape Our Decisions'.
DATA: <USER_EMBED> <ITEM_EMBED>
[/INST] If the user explored The Forgotten Man: A New History of the Great Depression, Last Call: The Rise and Fall of Prohibition, Predictably Irrational: The Hidden Forces That Shape Our Decisions, their preferences would shift toward 'War and Peace (Penguin Classics)'. Specifically, <EXPLAIN_POS>","The user's review of ""War and Peace"" suggests that they were initially disappointed with the book but eventually found it to be a masterpiece. They also appreciate its historical significance, noting how well-written the characters are and their ability to make connections between different time periods.",near_miss
13,"Based on the user's review and ratings of the purchased books, it can be concluded that the user is likely to enjoy books that explore social issues, cultural diversity, and personal transformation. The user appreciates books that provide a deep understanding of different societies and their challenges, such as racial injustice in 'Cry, the Beloved Country' and societal inequality in 'The White Tiger: A Novel'. The user also enjoys books with strong female protagonists, like 'Memoirs of a Geisha Uk'. Lastly, the user enjoys books that offer an escape from reality and provide thrilling adventures, like 'Live and Let Die (Penguin Modern Classics)'.",1672,The Boys in the Boat: Nine Americans and Their Epic Quest for Gold at the 1936 Berlin Olympics,"This book is perfect for readers who enjoy gripping and inspiring true stories, Olympic history, and tales of underdogs conquering great challenges. It will also appeal to those interested in history, sports, and cinematic narratives.",13.872450828552246,14.026116371154785,0.15366554260253906,"[236, 2911, 273]","['A Tree Grows in Brooklyn', ""All Souls: A Family Story from Southie (Ballantine Reader's Circle)"", 'First They Killed My Father: A Daughter of Cambodia Remembers']","['Readers who enjoy profound and honest novels that explore the complexities of life and provide a rich experience would enjoy A Tree Grows in Brooklyn.', 'Users who enjoy memoirs that combine tragedy with humor, and appreciate deeply American stories, would enjoy this book. ', ""Those interested in personal narratives of wartime experiences and the impact on children would enjoy 'First They Killed My Father: A Daughter of Cambodia Remembers'.""]",0.1,10,13.870766639709473,"<s>[INST] <<SYS>>
You are a logic engine. Your goal is to explain how the BRIDGE BOOKS prove that the TARGET BOOK fits the USER PROFILE.
<</SYS>>

USER PROFILE: Based on the user's review and ratings of the purchased books, it can be concluded that the user is likely to enjoy books that explore social issues, cultural diversity, and personal transformation. The user appreciates books that provide a deep understanding of different societies and their challenges, such as racial injustice in 'Cry, the Beloved Country' and societal inequality in 'The White Tiger: A Novel'. The user also enjoys books with strong female protagonists, like 'Memoirs of a Geisha Uk'. Lastly, the user enjoys books that offer an escape from reality and provide thrilling adventures, like 'Live and Let Die (Penguin Modern Classics)'.
TARGET: The Boys in the Boat: Nine Americans and Their Epic Quest for Gold at the 1936 Berlin Olympics (This book is perfect for readers who enjoy gripping and inspiring true stories, Olympic history, and tales of underdogs conquering great challenges. It will also appeal to those interested in history, sports, and cinematic narratives.)
BRIDGES:
- A Tree Grows in Brooklyn: Readers who enjoy profound and honest novels that explore the complexities of life and provide a rich experience would enjoy A Tree Grows in Brooklyn.
- All Souls: A Family Story from Southie (Ballantine Reader's Circle): Users who enjoy memoirs that combine tragedy with humor, and appreciate deeply American stories, would enjoy this book. 
- First They Killed My Father: A Daughter of Cambodia Remembers: Those interested in personal narratives of wartime experiences and the impact on children would enjoy 'First They Killed My Father: A Daughter of Cambodia Remembers'.
DATA: <USER_EMBED> <ITEM_EMBED>
[/INST] If the user explored A Tree Grows in Brooklyn, All Souls: A Family Story from Southie (Ballantine Reader's Circle), First They Killed My Father: A Daughter of Cambodia Remembers, their preferences would shift toward 'The Boys in the Boat: Nine Americans and Their Epic Quest for Gold at the 1936 Berlin Olympics'. Specifically, <EXPLAIN_POS>","""The Boys in the Boat"" is a compelling and well-written book about an inspiring true story, making it appealing to readers who enjoy gripping narratives.",near_miss
14,"Based on the user's purchases and reviews, this user is likely to enjoy books that offer immersive war settings with complex characters, adventure and mystery, American humor and satire, and historical events from the early days of the American republic.",416,Watership Down (Perennial Classics),Readers who enjoy suspenseful and adventurous stories would enjoy Watership Down.,8.865052223205566,8.910049438476562,0.044997215270996094,"[1600, 1277, 2941]","['item_1600', 'Travels with Charley in Search of America', 'Seabiscuit: An American Legend']","['Fans of historical fiction and adventure novels would enjoy The Three Musketeers. The book offers a captivating mix of intrigue, action, and witty dialogue that keeps readers engaged throughout. ', 'This book would be enjoyed by travel enthusiasts and individuals interested in personal reflections on life and aging.', 'Fans of American history and horse racing enthusiasts would enjoy Seabiscuit: An American Legend.']",0.05,9,8.867711067199707,"<s>[INST] <<SYS>>
You are a logic engine. Your goal is to explain how the BRIDGE BOOKS prove that the TARGET BOOK fits the USER PROFILE.
<</SYS>>

USER PROFILE: Based on the user's purchases and reviews, this user is likely to enjoy books that offer immersive war settings with complex characters, adventure and mystery, American humor and satire, and historical events from the early days of the American republic.
TARGET: Watership Down (Perennial Classics) (Readers who enjoy suspenseful and adventurous stories would enjoy Watership Down.)
BRIDGES:
- item_1600: Fans of historical fiction and adventure novels would enjoy The Three Musketeers. The book offers a captivating mix of intrigue, action, and witty dialogue that keeps readers engaged throughout. 
- Travels with Charley in Search of America: This book would be enjoyed by travel enthusiasts and individuals interested in personal reflections on life and aging.
- Seabiscuit: An American Legend: Fans of American history and horse racing enthusiasts would enjoy Seabiscuit: An American Legend.
DATA: <USER_EMBED> <ITEM_EMBED>
[/INST] If the user explored item_1600, Travels with Charley in Search of America, Seabiscuit: An American Legend, their preferences would shift toward 'Watership Down (Perennial Classics)'. Specifically, <EXPLAIN_POS>","the user's enjoyment of historical fiction and adventure novels would make them a good fit for Watership Down, making it an excellent choice.",near_miss
15,"Based on the user's purchases and reviews, this user is likely to enjoy immersive war novels, suspenseful mystery stories, thrillers with unexpected twists, and historical fiction set in ancient Rome.",1758,"The Girl in the Spider's Web: A Lisbeth Salander novel, continuing Stieg Larsson's Millennium Series","Fans of Stieg Larsson's Millennium series, especially those who enjoy complex and intriguing thriller sagas with strong, enigmatic female characters, will enjoy The Girl in the Spider's Web. The book stays true to Larsson's vision while also adding interesting new characters and updating the political backdrop to make it timely and compelling. The writing is intelligent and propulsive, with a fast-moving plot that keeps readers engaged. Even though the book is written by David Lagercrantz, it captures the essence and atmosphere of Larsson's novels, making it a worthy continuation for fans.",8.664156913757324,8.777825355529785,0.11366844177246094,"[7334, 4924, 9571]","['Elephant Company: The Inspiring Story of an Unlikely Hero and the Animals Who Helped Him Save  Lives in World War II', 'Six Years', 'Pachinko (National Book Award Finalist)']","['Animal lovers, war history enthusiasts, and readers seeking stories of friendship and bravery would enjoy this book. Elephant Company is a powerful and big-hearted tale about Billy Williams, an extraordinary character who develops a bond with elephants during World War II. The author, Vicki Constantine Croke, beautifully captures the enduring bonds between animals and humans.', ""Fans of thrillers and love stories would enjoy 'Six Years'. The book is praised for its furious plot twists and is also compared to Coben's masterpiece. It will appeal to readers who enjoy suspenseful and fast-paced narratives."", 'Readers who enjoy historical family sagas and immigrant narratives would appreciate this book.']",0.1,10,9.085667610168457,"<s>[INST] <<SYS>>
You are a logic engine. Your goal is to explain how the BRIDGE BOOKS prove that the TARGET BOOK fits the USER PROFILE.
<</SYS>>

USER PROFILE: Based on the user's purchases and reviews, this user is likely to enjoy immersive war novels, suspenseful mystery stories, thrillers with unexpected twists, and historical fiction set in ancient Rome.
TARGET: The Girl in the Spider's Web: A Lisbeth Salander novel, continuing Stieg Larsson's Millennium Series (Fans of Stieg Larsson's Millennium series, especially those who enjoy complex and intriguing thriller sagas with strong, enigmatic female characters, will enjoy The Girl in the Spider's Web. The book stays true to Larsson's vision while also adding interesting new characters and updating the political backdrop to make it timely and compelling. The writing is intelligent and propulsive, with a fast-moving plot that keeps readers engaged. Even though the book is written by David Lagercrantz, it captures the essence and atmosphere of Larsson's novels, making it a worthy continuation for fans.)
BRIDGES:
- Elephant Company: The Inspiring Story of an Unlikely Hero and the Animals Who Helped Him Save  Lives in World War II: Animal lovers, war history enthusiasts, and readers seeking stories of friendship and bravery would enjoy this book. Elephant Company is a powerful and big-hearted tale about Billy Williams, an extraordinary character who develops a bond with elephants during World War II. The author, Vicki Constantine Croke, beautifully captures the enduring bonds between animals and humans.
- Six Years: Fans of thrillers and love stories would enjoy 'Six Years'. The book is praised for its furious plot twists and is also compared to Coben's masterpiece. It will appeal to readers who enjoy suspenseful and fast-paced narratives.
- Pachinko (National Book Award Finalist): Readers who enjoy historical family sagas and immigrant narratives would appreciate this book.
DATA: <USER_EMBED> <ITEM_EMBED>
[/INST] If the user explored Elephant Company: The Inspiring Story of an Unlikely Hero and the Animals Who Helped Him Save  Lives in World War II, Six Years, Pachinko (National Book Award Finalist), their preferences would shift toward 'The Girl in the Spider's Web: A Lisbeth Salander novel, continuing Stieg Larsson's Millennium Series'. Specifically, <EXPLAIN_POS>","The user's love for the Millennium series and Lisbeth Salander, as well as their enjoyment of other thrillers with complex female characters like Stieg Larsson would make them more likely to appreciate ""The Girl in the Spider's Web.""",near_miss
16,"This user is likely to enjoy books that fall into the categories of immersive war novels, American literature with social issues, classic literature with futuristic touches, and comprehensive biographies of historical figures, especially American presidents.",50,Brave New World,"Fans of dystopian fiction, speculative science fiction, and philosophical exploration would enjoy Brave New World.",6.809079170227051,6.8117146492004395,0.002635478973388672,"[1278, 14898, 1362]","['White Noise (Contemporary American Fiction)', 'Brave New World', 'On the Origin of Species (Penguin Classics)']","[""Fans of dark humor and contemporary American fiction would enjoy 'White Noise'."", 'Fans of classic dystopian fiction and social commentary would enjoy Brave New World.', ""Fans of science, biology, and evolutionary theory would enjoy this book. It provides insights into Charles Darwin's groundbreaking work on natural selection and challenges contemporary beliefs. Additionally, those interested in art and the intersection of art and science may find Damien Hirst's visual interpretation intriguing.""]",0.05,10,6.948709487915039,"<s>[INST] <<SYS>>
You are a logic engine. Your goal is to explain how the BRIDGE BOOKS prove that the TARGET BOOK fits the USER PROFILE.
<</SYS>>

USER PROFILE: This user is likely to enjoy books that fall into the categories of immersive war novels, American literature with social issues, classic literature with futuristic touches, and comprehensive biographies of historical figures, especially American presidents.
TARGET: Brave New World (Fans of dystopian fiction, speculative science fiction, and philosophical exploration would enjoy Brave New World.)
BRIDGES:
- White Noise (Contemporary American Fiction): Fans of dark humor and contemporary American fiction would enjoy 'White Noise'.
- Brave New World: Fans of classic dystopian fiction and social commentary would enjoy Brave New World.
- On the Origin of Species (Penguin Classics): Fans of science, biology, and evolutionary theory would enjoy this book. It provides insights into Charles Darwin's groundbreaking work on natural selection and challenges contemporary beliefs. Additionally, those interested in art and the intersection of art and science may find Damien Hirst's visual interpretation intriguing.
DATA: <USER_EMBED> <ITEM_EMBED>
[/INST] If the user explored White Noise (Contemporary American Fiction), Brave New World, On the Origin of Species (Penguin Classics), their preferences would shift toward 'Brave New World'. Specifically, <EXPLAIN_POS>","the user's enjoyment of ""Brave New World"" is due to its dystopian and social commentary aspects, as well as its exploration of themes such as free will versus determinism.",near_miss
17,"Based on the user's purchased books and reviews, the user is likely to enjoy historical fiction, political biographies, and books about influential figures in the technology industry.",83,State of Fear,"Users who enjoy techno-thriller novels with a blend of scientific fact and fiction, and a focus on global warming and environmental issues would enjoy this book.",9.731039047241211,9.773823738098145,0.042784690856933594,"[479, 1415, 2942]","['The Art of War: The New Translation (Harper Perennial Modern Classics)', 'D-Day [Sound Recording]: The Battle for Normandy', 'The Demon in the Freezer: A True Story']","['The Art of War: The New Translation is a valuable resource for students of The Art of War and will be appreciated by scholars. ', ""History enthusiasts and those interested in World War II would enjoy this book about the Normandy Landings on D-Day. It provides a detailed account of the battle, including the challenges faced by the commanders and the impact on civilians. The author's use of overlooked material and extensive research ensures a vivid and accurate retelling of the events."", 'The Demon in the Freezer: A True Story would be enjoyed by fans of thrilling and suspenseful stories, as well as those interested in the topics of biological weapons and diseases.']",0.1,9,9.653790473937988,"<s>[INST] <<SYS>>
You are a logic engine. Your goal is to explain how the BRIDGE BOOKS prove that the TARGET BOOK fits the USER PROFILE.
<</SYS>>

USER PROFILE: Based on the user's purchased books and reviews, the user is likely to enjoy historical fiction, political biographies, and books about influential figures in the technology industry.
TARGET: State of Fear (Users who enjoy techno-thriller novels with a blend of scientific fact and fiction, and a focus on global warming and environmental issues would enjoy this book.)
BRIDGES:
- The Art of War: The New Translation (Harper Perennial Modern Classics): The Art of War: The New Translation is a valuable resource for students of The Art of War and will be appreciated by scholars. 
- D-Day [Sound Recording]: The Battle for Normandy: History enthusiasts and those interested in World War II would enjoy this book about the Normandy Landings on D-Day. It provides a detailed account of the battle, including the challenges faced by the commanders and the impact on civilians. The author's use of overlooked material and extensive research ensures a vivid and accurate retelling of the events.
- The Demon in the Freezer: A True Story: The Demon in the Freezer: A True Story would be enjoyed by fans of thrilling and suspenseful stories, as well as those interested in the topics of biological weapons and diseases.
DATA: <USER_EMBED> <ITEM_EMBED>
[/INST] If the user explored The Art of War: The New Translation (Harper Perennial Modern Classics), D-Day [Sound Recording]: The Battle for Normandy, The Demon in the Freezer: A True Story, their preferences would shift toward 'State of Fear'. Specifically, <EXPLAIN_POS>","the user's interest in historical fiction, political biographies, and books about influential figures may indicate a preference for more informative non-fiction works like ""The Art of War"" or factual accounts such as D-Day.",near_miss
18,"Based on the purchased books and reviews, this user is likely to enjoy historical war novels, compelling love stories, dark humor, and insightful social commentary. They also appreciate complex mysteries, psychological thrillers, and police procedurals.",2847,On Writing,Aspiring writers and Stephen King fans would enjoy this book.,9.629366874694824,9.782246589660645,0.1528797149658203,"[5732, 224, 1170]","['7 Habits Of Highly Effective People', 'All Quiet on the Western Front (with Related Readings)', 'The Quiet American']","['This book would be enjoyed by individuals seeking personal and professional growth and those looking to make positive changes in their lives.', 'Readers who enjoy historical fiction and war literature would appreciate All Quiet on the Western Front (with Related Readings).', ""Fans of thought-provoking and controversial stories, who appreciate keen observations of human weaknesses, will enjoy 'The Quiet American'.""]",0.2,9,9.98247241973877,"<s>[INST] <<SYS>>
You are a logic engine. Your goal is to explain how the BRIDGE BOOKS prove that the TARGET BOOK fits the USER PROFILE.
<</SYS>>

USER PROFILE: Based on the purchased books and reviews, this user is likely to enjoy historical war novels, compelling love stories, dark humor, and insightful social commentary. They also appreciate complex mysteries, psychological thrillers, and police procedurals.
TARGET: On Writing (Aspiring writers and Stephen King fans would enjoy this book.)
BRIDGES:
- 7 Habits Of Highly Effective People: This book would be enjoyed by individuals seeking personal and professional growth and those looking to make positive changes in their lives.
- All Quiet on the Western Front (with Related Readings): Readers who enjoy historical fiction and war literature would appreciate All Quiet on the Western Front (with Related Readings).
- The Quiet American: Fans of thought-provoking and controversial stories, who appreciate keen observations of human weaknesses, will enjoy 'The Quiet American'.
DATA: <USER_EMBED> <ITEM_EMBED>
[/INST] If the user explored 7 Habits Of Highly Effective People, All Quiet on the Western Front (with Related Readings), The Quiet American, their preferences would shift toward 'On Writing'. Specifically, <EXPLAIN_POS>","7 Habits would appeal to those seeking self-help and personal growth, while All Quiet on the Western Front (with Related Readings) appeals more toward fans of historical fiction. The user's newfound interest in ""On Writing"" indicates a shift towards exploring writing books.",near_miss
19,"Based on the user's purchased books and reviews, this user is likely to enjoy historical war novels with complex characters and emotional depth. They are also interested in biographies, particularly those related to sports and politics. The user appreciates books that explore themes of personal growth and decision-making in the face of challenges.",4745,Rich Dad Poor Dad (What the Rich Teach Their Kids About Money - That the Poor and Middle Class Do Not!),Users who want to improve their personal finance knowledge and learn about a different perspective on wealth would enjoy this book.,8.7315673828125,8.931456565856934,0.1998891830444336,"[1894, 2942, 4755]","['No Country for Old Men', 'The Demon in the Freezer: A True Story', 'The Survivors Club: The Secrets and Science that Could Save Your Life']","[""Fans of unconventional and thought-provoking literature would enjoy 'No Country for Old Men'"", 'The Demon in the Freezer: A True Story would be enjoyed by fans of thrilling and suspenseful stories, as well as those interested in the topics of biological weapons and diseases.', 'Readers who are interested in stories of survival and the science behind it would enjoy this book.']",0.3,10,8.526142120361328,"<s>[INST] <<SYS>>
You are a logic engine. Your goal is to explain how the BRIDGE BOOKS prove that the TARGET BOOK fits the USER PROFILE.
<</SYS>>

USER PROFILE: Based on the user's purchased books and reviews, this user is likely to enjoy historical war novels with complex characters and emotional depth. They are also interested in biographies, particularly those related to sports and politics. The user appreciates books that explore themes of personal growth and decision-making in the face of challenges.
TARGET: Rich Dad Poor Dad (What the Rich Teach Their Kids About Money - That the Poor and Middle Class Do Not!) (Users who want to improve their personal finance knowledge and learn about a different perspective on wealth would enjoy this book.)
BRIDGES:
- No Country for Old Men: Fans of unconventional and thought-provoking literature would enjoy 'No Country for Old Men'
- The Demon in the Freezer: A True Story: The Demon in the Freezer: A True Story would be enjoyed by fans of thrilling and suspenseful stories, as well as those interested in the topics of biological weapons and diseases.
- The Survivors Club: The Secrets and Science that Could Save Your Life: Readers who are interested in stories of survival and the science behind it would enjoy this book.
DATA: <USER_EMBED> <ITEM_EMBED>
[/INST] If the user explored No Country for Old Men, The Demon in the Freezer: A True Story, The Survivors Club: The Secrets and Science that Could Save Your Life, their preferences would shift toward 'Rich Dad Poor Dad (What the Rich Teach Their Kids About Money - That the Poor and Middle Class Do Not!)'. Specifically, <EXPLAIN_POS>","the user's interest in historical war novels and biographies would be replaced by a desire for personal finance knowledge, making ""Rich Dad Poor Dad"" an excellent choice.",near_miss
20,"Based on the user's purchased books and reviews, this user is likely to enjoy adventure and survival stories, heartwarming stories about kindness and acceptance, sports analysis and ethnography, as well as science fiction and space operas.",5381,The Martian,"Fans of thrilling survival stories, science fiction enthusiasts, and readers who appreciate technical accuracy and humor will enjoy The Martian.",13.10899543762207,13.126194953918457,0.01719951629638672,"[2059, 1911, 399]","['The Stand', 'World War Z: An Oral History of the Zombie War', 'Good Omens: The Nice and Accurate Prophecies of Agnes Nutter, Witch']","['Fans of epic and post-apocalyptic novels will enjoy The Stand.', 'Fans of post-apocalyptic fiction and those interested in political satire would enjoy this book.', ""Fans of comedic and irreverent literature will enjoy 'Good Omens: The Nice and Accurate Prophecies of Agnes Nutter, Witch'.""]",0.05,6,13.323390007019043,"<s>[INST] <<SYS>>
You are a logic engine. Your goal is to explain how the BRIDGE BOOKS prove that the TARGET BOOK fits the USER PROFILE.
<</SYS>>

USER PROFILE: Based on the user's purchased books and reviews, this user is likely to enjoy adventure and survival stories, heartwarming stories about kindness and acceptance, sports analysis and ethnography, as well as science fiction and space operas.
TARGET: The Martian (Fans of thrilling survival stories, science fiction enthusiasts, and readers who appreciate technical accuracy and humor will enjoy The Martian.)
BRIDGES:
- The Stand: Fans of epic and post-apocalyptic novels will enjoy The Stand.
- World War Z: An Oral History of the Zombie War: Fans of post-apocalyptic fiction and those interested in political satire would enjoy this book.
- Good Omens: The Nice and Accurate Prophecies of Agnes Nutter, Witch: Fans of comedic and irreverent literature will enjoy 'Good Omens: The Nice and Accurate Prophecies of Agnes Nutter, Witch'.
DATA: <USER_EMBED> <ITEM_EMBED>
[/INST] If the user explored The Stand, World War Z: An Oral History of the Zombie War, Good Omens: The Nice and Accurate Prophecies of Agnes Nutter, Witch, their preferences would shift toward 'The Martian'. Specifically, <EXPLAIN_POS>","""The Martian"" and its themes of survival, determination, resourcefulness, humor, science fiction elements, space traveling, exploration, and the human condition would appeal to a wide range of readers.",near_miss
21,"Based on the user's reviews and ratings, it seems that this user enjoys well-crafted and detailed stories grounded in realistic everyday life, heartwarming and whimsical stories with strong messages of love and growth, unconventional and thought-provoking literature, and feel-good LGBTQ+ romances without the typical struggles of coming out or facing discrimination.",77,Fahrenheit 451,Fans of dystopian fiction and thought-provoking social commentaries would enjoy Fahrenheit 451.,11.907342910766602,12.020071029663086,0.11272811889648438,"[486, 1324, 4603]","['item_486', 'Lord of the Flies', 'Uglies (The Uglies)']","['Fans of suspense-filled stories with nonstop action would enjoy reading Hunger (Gone). This book is not for the faint of heart or weak of stomach.', 'Fans of dystopian novels and psychological thrillers would enjoy Lord of the Flies.', ""Fans of dystopian novels and young adult fiction would enjoy 'Uglies (The Uglies)'.""]",0.1,10,11.871789932250977,"<s>[INST] <<SYS>>
You are a logic engine. Your goal is to explain how the BRIDGE BOOKS prove that the TARGET BOOK fits the USER PROFILE.
<</SYS>>

USER PROFILE: Based on the user's reviews and ratings, it seems that this user enjoys well-crafted and detailed stories grounded in realistic everyday life, heartwarming and whimsical stories with strong messages of love and growth, unconventional and thought-provoking literature, and feel-good LGBTQ+ romances without the typical struggles of coming out or facing discrimination.
TARGET: Fahrenheit 451 (Fans of dystopian fiction and thought-provoking social commentaries would enjoy Fahrenheit 451.)
BRIDGES:
- item_486: Fans of suspense-filled stories with nonstop action would enjoy reading Hunger (Gone). This book is not for the faint of heart or weak of stomach.
- Lord of the Flies: Fans of dystopian novels and psychological thrillers would enjoy Lord of the Flies.
- Uglies (The Uglies): Fans of dystopian novels and young adult fiction would enjoy 'Uglies (The Uglies)'.
DATA: <USER_EMBED> <ITEM_EMBED>
[/INST] If the user explored item_486, Lord of the Flies, Uglies (The Uglies), their preferences would shift toward 'Fahrenheit 451'. Specifically, <EXPLAIN_POS>","the user's review of Fahrenheit 451 suggests that they enjoy dystopian novels and are intrigued by their darker themes, but may not appreciate overly detailed descriptions.",near_miss
22,"This user is likely to enjoy books that explore complex characters and relationships in trying circumstances, offer fresh perspectives on everyday life through analytical thinking and unconventional questions, delve into the world of science fiction and imagination, and unravel the history and science behind cryptography and codes.",1364,War and Peace (Penguin Classics),Readers who appreciate classic novels and historical fiction would enjoy 'War and Peace'.,8.85334300994873,8.86888313293457,0.015540122985839844,"[1278, 409, 1270]","['White Noise (Contemporary American Fiction)', 'Catch-22 CD', 'Ulysses']","[""Fans of dark humor and contemporary American fiction would enjoy 'White Noise'."", ""Fans of dark humor and satirical fiction enthusiasts would enjoy Catch-22 CD. With a rich array of comic set pieces and deliriously woozy dialogue, the audiobook brings Joseph Heller's wartime madness to life. The narrator, Sanders, delivers the humor with a steady and sure voice, capturing the straight-faced yet absurd nature of the novel. Additionally, the included 1970s-era recording of Heller reading selections from his book adds a delightful contrast and showcases his Brooklyn accent and borscht belt comic's riff. Overall, Catch-22 CD is a comedic masterpiece that will appeal to those who appreciate irreverent and clever satire."", 'Fans of Modernist literature and those who enjoy experimental prose, rich characterizations, and broad humor would enjoy Ulysses.']",0.15,9,8.808277130126953,"<s>[INST] <<SYS>>
You are a logic engine. Your goal is to explain how the BRIDGE BOOKS prove that the TARGET BOOK fits the USER PROFILE.
<</SYS>>

USER PROFILE: This user is likely to enjoy books that explore complex characters and relationships in trying circumstances, offer fresh perspectives on everyday life through analytical thinking and unconventional questions, delve into the world of science fiction and imagination, and unravel the history and science behind cryptography and codes.
TARGET: War and Peace (Penguin Classics) (Readers who appreciate classic novels and historical fiction would enjoy 'War and Peace'.)
BRIDGES:
- White Noise (Contemporary American Fiction): Fans of dark humor and contemporary American fiction would enjoy 'White Noise'.
- Catch-22 CD: Fans of dark humor and satirical fiction enthusiasts would enjoy Catch-22 CD. With a rich array of comic set pieces and deliriously woozy dialogue, the audiobook brings Joseph Heller's wartime madness to life. The narrator, Sanders, delivers the humor with a steady and sure voice, capturing the straight-faced yet absurd nature of the novel. Additionally, the included 1970s-era recording of Heller reading selections from his book adds a delightful contrast and showcases his Brooklyn accent and borscht belt comic's riff. Overall, Catch-22 CD is a comedic masterpiece that will appeal to those who appreciate irreverent and clever satire.
- Ulysses: Fans of Modernist literature and those who enjoy experimental prose, rich characterizations, and broad humor would enjoy Ulysses.
DATA: <USER_EMBED> <ITEM_EMBED>
[/INST] If the user explored White Noise (Contemporary American Fiction), Catch-22 CD, Ulysses, their preferences would shift toward 'War and Peace (Penguin Classics)'. Specifically, <EXPLAIN_POS>","the user's interest in ""War and Peace"" is likely due to their enjoyment of classic novels, historical fiction, dark humor, contemporary American literature, satire, science fiction, imagination, history, unconventional questions, analytical thinking, fresh perspectives on everyday life, exploration of complex characters and relationships, rich characterizations, broad humor, experimental prose, and the ability for themes like war to be timeless.",near_miss
23,"Based on the user's purchases and reviews, this user is likely to enjoy books that involve complex storylines, rich character development, and witty dialogue. They appreciate books that push the boundaries of traditional storytelling and offer unique reading experiences.",2847,On Writing,Aspiring writers and Stephen King fans would enjoy this book.,7.881972789764404,7.886267185211182,0.004294395446777344,"[223, 224, 253]","['The Call of the Wild with related readings', 'All Quiet on the Western Front (with Related Readings)', 'item_253']","[""Users who enjoy classic adventure stories and are interested in exploring themes of survival, nature, and the human-animal bond would enjoy 'The Call of the Wild with related readings'."", 'Readers who enjoy historical fiction and war literature would appreciate All Quiet on the Western Front (with Related Readings).', 'Fans of suspenseful horror novels and readers interested in exploring hidden societal themes would enjoy The Stepford Wives.']",0.05,10,8.100543975830078,"<s>[INST] <<SYS>>
You are a logic engine. Your goal is to explain how the BRIDGE BOOKS prove that the TARGET BOOK fits the USER PROFILE.
<</SYS>>

USER PROFILE: Based on the user's purchases and reviews, this user is likely to enjoy books that involve complex storylines, rich character development, and witty dialogue. They appreciate books that push the boundaries of traditional storytelling and offer unique reading experiences.
TARGET: On Writing (Aspiring writers and Stephen King fans would enjoy this book.)
BRIDGES:
- The Call of the Wild with related readings: Users who enjoy classic adventure stories and are interested in exploring themes of survival, nature, and the human-animal bond would enjoy 'The Call of the Wild with related readings'.
- All Quiet on the Western Front (with Related Readings): Readers who enjoy historical fiction and war literature would appreciate All Quiet on the Western Front (with Related Readings).
- item_253: Fans of suspenseful horror novels and readers interested in exploring hidden societal themes would enjoy The Stepford Wives.
DATA: <USER_EMBED> <ITEM_EMBED>
[/INST] If the user explored The Call of the Wild with related readings, All Quiet on the Western Front (with Related Readings), item_253, their preferences would shift toward 'On Writing'. Specifically, <EXPLAIN_POS>","10 years later, the user's tastes have evolved to include more complex stories and rich character development. The BRIDGE BOOKS prove that these books are suitable for this new preference.",near_miss
24,"This user is likely to enjoy historical fiction, stories about strong women, suspenseful and thrilling novels, and mystery and suspense novels.",2647,The Late Show,Fans of gripping crime thrillers and strong female protagonists will enjoy 'The Late Show'.,7.8386406898498535,7.878720283508301,0.040079593658447266,"[2645, 911, 5230]","['The Wrong Side of Goodbye (A Harry Bosch Novel)', 'Mississippi Blood: A Novel (Natchez Burning)', ""Don't Let Go""]","[""Fans of contemporary crime fiction who appreciate brooding, intricate, and suspenseful mysteries will enjoy 'The Wrong Side of Goodbye (A Harry Bosch Novel)' by Michael Connelly. This book has been praised for its compelling exploration of the claims the past exerts on the present and its expert use of background facts and descriptions. It features a masterfully crafted protagonist in Harry Bosch and showcases Connelly's unique writing style that hooks readers for life. In addition, readers who enjoy California noir and character-driven stories will find this book immensely satisfying."", 'Fans of suspenseful crime fiction with historical and cultural depth would enjoy Mississippi Blood: A Novel (Natchez Burning)', ""Fans of thrilling mysteries with relatable characters and shocking endings would enjoy 'Don't Let Go'""]",0.05,9,8.241287231445312,"<s>[INST] <<SYS>>
You are a logic engine. Your goal is to explain how the BRIDGE BOOKS prove that the TARGET BOOK fits the USER PROFILE.
<</SYS>>

USER PROFILE: This user is likely to enjoy historical fiction, stories about strong women, suspenseful and thrilling novels, and mystery and suspense novels.
TARGET: The Late Show (Fans of gripping crime thrillers and strong female protagonists will enjoy 'The Late Show'.)
BRIDGES:
- The Wrong Side of Goodbye (A Harry Bosch Novel): Fans of contemporary crime fiction who appreciate brooding, intricate, and suspenseful mysteries will enjoy 'The Wrong Side of Goodbye (A Harry Bosch Novel)' by Michael Connelly. This book has been praised for its compelling exploration of the claims the past exerts on the present and its expert use of background facts and descriptions. It features a masterfully crafted protagonist in Harry Bosch and showcases Connelly's unique writing style that hooks readers for life. In addition, readers who enjoy California noir and character-driven stories will find this book immensely satisfying.
- Mississippi Blood: A Novel (Natchez Burning): Fans of suspenseful crime fiction with historical and cultural depth would enjoy Mississippi Blood: A Novel (Natchez Burning)
- Don't Let Go: Fans of thrilling mysteries with relatable characters and shocking endings would enjoy 'Don't Let Go'
DATA: <USER_EMBED> <ITEM_EMBED>
[/INST] If the user explored The Wrong Side of Goodbye (A Harry Bosch Novel), Mississippi Blood: A Novel (Natchez Burning), Don't Let Go, their preferences would shift toward 'The Late Show'. Specifically, <EXPLAIN_POS>","1) The user would enjoy the series' suspenseful and thrilling nature, 2) They would appreciate Michael Connelly as an author for his skill in creating intricate mysteries with unexpected twists. Additionally, they might find themselves drawn to other crime fiction books by authors like Lee Child or Harlan Coben.",near_miss
25,"This user is likely to enjoy books that are aimed at young children, particularly those with active imaginations. They enjoy fantastical and imaginative stories, as well as books with vibrant illustrations. They also appreciate books that encourage creativity and thinking outside the box. They might also enjoy classic Stephen King novels.",4586,The Hunger Games (Book 1),Fans of dystopian fiction and action-packed novels would enjoy The Hunger Games (Book 1),9.30366325378418,9.315890312194824,0.012227058410644531,"[2132, 4591, 431]","[""A Swiftly Tilting Planet (Madeleine L'Engle's Time Quintet)"", 'Harry Potter And The Goblet Of Fire', 'The Exorcist']","['Fans of fantasy and young adult literature would enjoy A Swiftly Tilting Planet.', 'Children and young adults between the ages of 8 and 12 who enjoy fantasy and adventure stories would enjoy this book.', 'Fans of horror and psychological thrillers would enjoy The Exorcist. It offers a chilling story of a possessed girl and a group of brave individuals attempting to save her. The raw and profane nature of the novel adds to its shock value and immersive experience.']",0.05,10,9.590702056884766,"<s>[INST] <<SYS>>
You are a logic engine. Your goal is to explain how the BRIDGE BOOKS prove that the TARGET BOOK fits the USER PROFILE.
<</SYS>>

USER PROFILE: This user is likely to enjoy books that are aimed at young children, particularly those with active imaginations. They enjoy fantastical and imaginative stories, as well as books with vibrant illustrations. They also appreciate books that encourage creativity and thinking outside the box. They might also enjoy classic Stephen King novels.
TARGET: The Hunger Games (Book 1) (Fans of dystopian fiction and action-packed novels would enjoy The Hunger Games (Book 1))
BRIDGES:
- A Swiftly Tilting Planet (Madeleine L'Engle's Time Quintet): Fans of fantasy and young adult literature would enjoy A Swiftly Tilting Planet.
- Harry Potter And The Goblet Of Fire: Children and young adults between the ages of 8 and 12 who enjoy fantasy and adventure stories would enjoy this book.
- The Exorcist: Fans of horror and psychological thrillers would enjoy The Exorcist. It offers a chilling story of a possessed girl and a group of brave individuals attempting to save her. The raw and profane nature of the novel adds to its shock value and immersive experience.
DATA: <USER_EMBED> <ITEM_EMBED>
[/INST] If the user explored A Swiftly Tilting Planet (Madeleine L'Engle's Time Quintet), Harry Potter And The Goblet Of Fire, The Exorcist, their preferences would shift toward 'The Hunger Games (Book 1)'. Specifically, <EXPLAIN_POS>","The user's enjoyment of ""The Hunger Games"" and their dislike for the other books are based on how they relate to one another, not because of any inherent qualities in each book.",near_miss
26,"This user is likely to enjoy mystery novels and crime thrillers, as well as cozy mysteries with a touch of witchcraft. Suspense, intricate investigations, and a mix of mystery and witchcraft are elements that are likely to be appealing to this user.",2999,The Passage: A Novel (Book One of The Passage Trilogy),"Fans of apocalyptic and post-apocalyptic novels, as well as those who enjoy epic and suspenseful storytelling, will be deeply engrossed in The Passage: A Novel (Book One of The Passage Trilogy).",7.937495231628418,7.970556735992432,0.03306150436401367,"[2494, 1914, 3640]","['Beat the Reaper: A Novel (Package May Vary)', 'The Leftovers', 'The Sins of the Fathers (Matthew Scudder)']","[""Fans of dark humor, medical dramas, and fast-paced thrillers will enjoy 'Beat the Reaper: A Novel'."", 'Fans of dystopian fiction and social commentary will enjoy this book.', 'Fans of gritty crime fiction and detective stories with a dark and twisted plot would enjoy this book.']",0.05,10,7.8998212814331055,"<s>[INST] <<SYS>>
You are a logic engine. Your goal is to explain how the BRIDGE BOOKS prove that the TARGET BOOK fits the USER PROFILE.
<</SYS>>

USER PROFILE: This user is likely to enjoy mystery novels and crime thrillers, as well as cozy mysteries with a touch of witchcraft. Suspense, intricate investigations, and a mix of mystery and witchcraft are elements that are likely to be appealing to this user.
TARGET: The Passage: A Novel (Book One of The Passage Trilogy) (Fans of apocalyptic and post-apocalyptic novels, as well as those who enjoy epic and suspenseful storytelling, will be deeply engrossed in The Passage: A Novel (Book One of The Passage Trilogy).)
BRIDGES:
- Beat the Reaper: A Novel (Package May Vary): Fans of dark humor, medical dramas, and fast-paced thrillers will enjoy 'Beat the Reaper: A Novel'.
- The Leftovers: Fans of dystopian fiction and social commentary will enjoy this book.
- The Sins of the Fathers (Matthew Scudder): Fans of gritty crime fiction and detective stories with a dark and twisted plot would enjoy this book.
DATA: <USER_EMBED> <ITEM_EMBED>
[/INST] If the user explored Beat the Reaper: A Novel (Package May Vary), The Leftovers, The Sins of the Fathers (Matthew Scudder), their preferences would shift toward 'The Passage: A Novel (Book One of The Passage Trilogy)'. Specifically, <EXPLAIN_POS>","the user would be interested in ""The Passage"" for its unique blend of genres, intricate plot twists and turns, unexpected surprises, compelling characters, and captivating storytelling.",near_miss
27,"Based on the user's book purchases and positive ratings, this user is likely to enjoy books that delve into historical events, such as the collapse of civilizations, the Civil War, and World War II. They also appear to be interested in topics such as environmental practices, true crime, religious extremism, and fanaticism.",194,In the Heart of the Sea: The Epic True Story That Inspired `Moby-Dick',"Readers who enjoy true stories that inspire classic literature, specifically 'Moby-Dick', would enjoy this book.",8.088354110717773,8.094687461853027,0.006333351135253906,"[1114, 14921, 88]","['With the Old Breed: The World War Two Pacific Classic', 'Elegant Universe : Superstrings, Hidden Dimentions, and The Quest for the Ultimate Theory', 'Fear and Loathing in Las Vegas (Harper Perennial Modern Classics)']","['Users interested in personal accounts of combat in World War Two, particularly in the Pacific theater, will enjoy this book.', 'Physics enthusiasts and readers interested in understanding the fundamental laws of the universe would enjoy this book.', 'Fans of counterculture, dark humor, and unconventional storytelling will enjoy Fear and Loathing in Las Vegas.']",0.05,9,8.171197891235352,"<s>[INST] <<SYS>>
You are a logic engine. Your goal is to explain how the BRIDGE BOOKS prove that the TARGET BOOK fits the USER PROFILE.
<</SYS>>

USER PROFILE: Based on the user's book purchases and positive ratings, this user is likely to enjoy books that delve into historical events, such as the collapse of civilizations, the Civil War, and World War II. They also appear to be interested in topics such as environmental practices, true crime, religious extremism, and fanaticism.
TARGET: In the Heart of the Sea: The Epic True Story That Inspired `Moby-Dick' (Readers who enjoy true stories that inspire classic literature, specifically 'Moby-Dick', would enjoy this book.)
BRIDGES:
- With the Old Breed: The World War Two Pacific Classic: Users interested in personal accounts of combat in World War Two, particularly in the Pacific theater, will enjoy this book.
- Elegant Universe : Superstrings, Hidden Dimentions, and The Quest for the Ultimate Theory: Physics enthusiasts and readers interested in understanding the fundamental laws of the universe would enjoy this book.
- Fear and Loathing in Las Vegas (Harper Perennial Modern Classics): Fans of counterculture, dark humor, and unconventional storytelling will enjoy Fear and Loathing in Las Vegas.
DATA: <USER_EMBED> <ITEM_EMBED>
[/INST] If the user explored With the Old Breed: The World War Two Pacific Classic, Elegant Universe : Superstrings, Hidden Dimentions, and The Quest for the Ultimate Theory, Fear and Loathing in Las Vegas (Harper Perennial Modern Classics), their preferences would shift toward 'In the Heart of the Sea: The Epic True Story That Inspired `Moby-Dick''. Specifically, <EXPLAIN_POS>","The user's interest in historical events and true crime would be satisfied by ""In the Heart of the Sea,"" while their preference for counterculture, dark humor, unconventional storytelling, environmental practices, religious extremism, fanaticism, personal accounts of combat during World War Two, physics enthusiasts, understanding fundamental laws of universe, classic literature inspired by real life stories like Moby Dick, etc. are all represented.",near_miss
28,"This user is likely to enjoy classic adventure novels with intricate plots and compelling characters, as well as complex multigenerational novels that explore family dynamics and societal expectations. They also enjoy fantasy and adventure stories targeted towards children and young adults.",1261,Night: With Connected Readings,"Users who enjoy deep and thought-provoking literature, particularly those interested in exploring the depths of human suffering and the power of resilience, would appreciate this book. It is also suitable for readers who appreciate connected readings that offer different perspectives on the same theme.",9.620865821838379,9.769268035888672,0.14840221405029297,"[224, 1857, 4745]","['All Quiet on the Western Front (with Related Readings)', ""The Illustrated Hitch-hiker's Guide to the Galaxy"", 'Rich Dad Poor Dad (What the Rich Teach Their Kids About Money - That the Poor and Middle Class Do Not!)']","['Readers who enjoy historical fiction and war literature would appreciate All Quiet on the Western Front (with Related Readings).', ""Fans of science fiction and visually stunning books would enjoy The Illustrated Hitch-hiker's Guide to the Galaxy."", 'Users who want to improve their personal finance knowledge and learn about a different perspective on wealth would enjoy this book.']",0.4,10,10.312309265136719,"<s>[INST] <<SYS>>
You are a logic engine. Your goal is to explain how the BRIDGE BOOKS prove that the TARGET BOOK fits the USER PROFILE.
<</SYS>>

USER PROFILE: This user is likely to enjoy classic adventure novels with intricate plots and compelling characters, as well as complex multigenerational novels that explore family dynamics and societal expectations. They also enjoy fantasy and adventure stories targeted towards children and young adults.
TARGET: Night: With Connected Readings (Users who enjoy deep and thought-provoking literature, particularly those interested in exploring the depths of human suffering and the power of resilience, would appreciate this book. It is also suitable for readers who appreciate connected readings that offer different perspectives on the same theme.)
BRIDGES:
- All Quiet on the Western Front (with Related Readings): Readers who enjoy historical fiction and war literature would appreciate All Quiet on the Western Front (with Related Readings).
- The Illustrated Hitch-hiker's Guide to the Galaxy: Fans of science fiction and visually stunning books would enjoy The Illustrated Hitch-hiker's Guide to the Galaxy.
- Rich Dad Poor Dad (What the Rich Teach Their Kids About Money - That the Poor and Middle Class Do Not!): Users who want to improve their personal finance knowledge and learn about a different perspective on wealth would enjoy this book.
DATA: <USER_EMBED> <ITEM_EMBED>
[/INST] If the user explored All Quiet on the Western Front (with Related Readings), The Illustrated Hitch-hiker's Guide to the Galaxy, Rich Dad Poor Dad (What the Rich Teach Their Kids About Money - That the Poor and Middle Class Do Not!), their preferences would shift toward 'Night: With Connected Readings'. Specifically, <EXPLAIN_POS>","the user's review of ""Night"" suggests that it is a compelling and powerful story with deep insights into human suffering, resilience, and hope.",near_miss
29,"This user is likely to enjoy historical fiction novels with strong settings and romantic elements. They also enjoy self-help books focused on mindfulness and personal development. Comedic romance novels that explore themes of forgiveness, love, and redemption are also appealing to the user.",3722,The Guernsey Literary and Potato Peel Pie Society,"The Guernsey Literary and Potato Peel Pie Society would be enjoyed by avid readers who appreciate books about love, friendship, and the power of literature. It appeals to those who enjoy historical fiction and stories set in a charming and idyllic setting. The book is heartfelt, witty, and often considered a small masterpiece.",8.464550018310547,8.524394989013672,0.059844970703125,"[236, 1289, 4701]","['A Tree Grows in Brooklyn', 'item_1289', 'Cane River']","['Readers who enjoy profound and honest novels that explore the complexities of life and provide a rich experience would enjoy A Tree Grows in Brooklyn.', 'Bibliophiles and those who enjoy personal and heartfelt correspondence would enjoy this book.', 'Readers interested in historical fiction, multigenerational sagas, and stories about racial boundaries would enjoy this book.']",0.1,9,8.77364730834961,"<s>[INST] <<SYS>>
You are a logic engine. Your goal is to explain how the BRIDGE BOOKS prove that the TARGET BOOK fits the USER PROFILE.
<</SYS>>

USER PROFILE: This user is likely to enjoy historical fiction novels with strong settings and romantic elements. They also enjoy self-help books focused on mindfulness and personal development. Comedic romance novels that explore themes of forgiveness, love, and redemption are also appealing to the user.
TARGET: The Guernsey Literary and Potato Peel Pie Society (The Guernsey Literary and Potato Peel Pie Society would be enjoyed by avid readers who appreciate books about love, friendship, and the power of literature. It appeals to those who enjoy historical fiction and stories set in a charming and idyllic setting. The book is heartfelt, witty, and often considered a small masterpiece.)
BRIDGES:
- A Tree Grows in Brooklyn: Readers who enjoy profound and honest novels that explore the complexities of life and provide a rich experience would enjoy A Tree Grows in Brooklyn.
- item_1289: Bibliophiles and those who enjoy personal and heartfelt correspondence would enjoy this book.
- Cane River: Readers interested in historical fiction, multigenerational sagas, and stories about racial boundaries would enjoy this book.
DATA: <USER_EMBED> <ITEM_EMBED>
[/INST] If the user explored A Tree Grows in Brooklyn, item_1289, Cane River, their preferences would shift toward 'The Guernsey Literary and Potato Peel Pie Society'. Specifically, <EXPLAIN_POS>","the user's preference for historical fiction and personal development books would be reflected in their interest in The Guernsey Literary and Potato Peel Pie Society, which features a compelling storyline with strong characters.",near_miss
30,"Based on the user's reviews and ratings, this user is likely to enjoy books that are thrilling, intense, and explore dark themes. They may also enjoy emotional stories with well-developed characters and satisfying conclusions.",5487,Joyland (Turtleback School &amp; Library Binding Edition) (Hcc),"Fans of Stephen King, YA readers, and anyone who enjoys a coming-of-age tale with a hint of the supernatural would enjoy this book.",13.077520370483398,13.16424560546875,0.08672523498535156,"[2983, 9177, 2887]","['The Twelve (Passage)', 'Full Dark, No Stars', 'Icebound']","['Fans of literary superthrillers with complex narratives and a blend of elegantly crafted fiction and cliff-hanging thrills would enjoy The Twelve (Passage).', 'Fans of Stephen King and those who enjoy horror and suspense will appreciate Full Dark, No Stars.', 'Fans of suspenseful and thrilling novels will enjoy Icebound.']",0.2,10,12.62609577178955,"<s>[INST] <<SYS>>
You are a logic engine. Your goal is to explain how the BRIDGE BOOKS prove that the TARGET BOOK fits the USER PROFILE.
<</SYS>>

USER PROFILE: Based on the user's reviews and ratings, this user is likely to enjoy books that are thrilling, intense, and explore dark themes. They may also enjoy emotional stories with well-developed characters and satisfying conclusions.
TARGET: Joyland (Turtleback School &amp; Library Binding Edition) (Hcc) (Fans of Stephen King, YA readers, and anyone who enjoys a coming-of-age tale with a hint of the supernatural would enjoy this book.)
BRIDGES:
- The Twelve (Passage): Fans of literary superthrillers with complex narratives and a blend of elegantly crafted fiction and cliff-hanging thrills would enjoy The Twelve (Passage).
- Full Dark, No Stars: Fans of Stephen King and those who enjoy horror and suspense will appreciate Full Dark, No Stars.
- Icebound: Fans of suspenseful and thrilling novels will enjoy Icebound.
DATA: <USER_EMBED> <ITEM_EMBED>
[/INST] If the user explored The Twelve (Passage), Full Dark, No Stars, Icebound, their preferences would shift toward 'Joyland (Turtleback School &amp; Library Binding Edition) (Hcc)'. Specifically, <EXPLAIN_POS>","""The BRIDGES"" of the user's profile, which includes their preferences for books with complex narratives and a blend of elegantly crafted fiction and cliff-hanging thrills would be most relevant to Joyland. The review highlighting an enjoyable reading experience despite reservations about some aspects suggests that it could still appeal to fans.",near_miss
31,"This user is likely to enjoy heartwarming Christian fiction with a Christmas theme, historical mysteries, Gothic literature, vampire stories, and psychological mystery novels with themes of sisterhood and abuse.",1445,Between Shades of Gray,Readers who enjoy historical fiction and stories of resilience in the face of adversity would enjoy Between Shades of Gray.,11.60062026977539,11.687281608581543,0.08666133880615234,"[710, 3072, 14619]","['The Secrets of Mary Bowser', 'The Wishing Thread: A Novel', 'Three Little Mistakes (The Blindfold Club) (Volume 3)']","[""Fans of historical fiction, particularly those interested in the Civil War era and women's history, will enjoy 'The Secrets of Mary Bowser'. It offers a gripping tale filled with drama, intrigue, love, and resilience, while shedding light on the untold story of slavery and the role of women in achieving emancipation. The book is praised for its strong narrative voice, seamless authority, and meticulous historical research."", 'Fans of magical realism and cozy chick-lit will enjoy The Wishing Thread. This enchanting novel combines knitting, family secrets, and the power of wishes, making it a delightful read for those who enjoy heartwarming and whimsical stories.', 'Fans of erotic romance with steamy sex scenes and a focus on finding the perfect match in life will enjoy this book.']",0.2,10,9.639272689819336,"<s>[INST] <<SYS>>
You are a logic engine. Your goal is to explain how the BRIDGE BOOKS prove that the TARGET BOOK fits the USER PROFILE.
<</SYS>>

USER PROFILE: This user is likely to enjoy heartwarming Christian fiction with a Christmas theme, historical mysteries, Gothic literature, vampire stories, and psychological mystery novels with themes of sisterhood and abuse.
TARGET: Between Shades of Gray (Readers who enjoy historical fiction and stories of resilience in the face of adversity would enjoy Between Shades of Gray.)
BRIDGES:
- The Secrets of Mary Bowser: Fans of historical fiction, particularly those interested in the Civil War era and women's history, will enjoy 'The Secrets of Mary Bowser'. It offers a gripping tale filled with drama, intrigue, love, and resilience, while shedding light on the untold story of slavery and the role of women in achieving emancipation. The book is praised for its strong narrative voice, seamless authority, and meticulous historical research.
- The Wishing Thread: A Novel: Fans of magical realism and cozy chick-lit will enjoy The Wishing Thread. This enchanting novel combines knitting, family secrets, and the power of wishes, making it a delightful read for those who enjoy heartwarming and whimsical stories.
- Three Little Mistakes (The Blindfold Club) (Volume 3): Fans of erotic romance with steamy sex scenes and a focus on finding the perfect match in life will enjoy this book.
DATA: <USER_EMBED> <ITEM_EMBED>
[/INST] If the user explored The Secrets of Mary Bowser, The Wishing Thread: A Novel, Three Little Mistakes (The Blindfold Club) (Volume 3), their preferences would shift toward 'Between Shades of Gray'. Specifically, <EXPLAIN_POS>","the user would enjoy ""Between Shades of Gray"" because it offers a unique perspective on historical events, and its captivating storytelling makes them feel like they are experiencing history firsthand.",near_miss
32,"This user is likely to enjoy suspenseful romance novels with strong female protagonists, humorous and emotional contemporary romance and young adult novels, mystery and legal thrillers, and romance series with interconnected storylines.",5543,A Hidden Fire: Elemental Mysteries Book 1,Fans of paranormal romance with a taste for mystery and intrigue will enjoy A Hidden Fire.,14.141727447509766,14.224327087402344,0.08259963989257812,"[9841, 8279, 10172]","['Meeting Destiny: Destiny Series, Book 1', 'The Finding (The Law of the Lycans)', 'A Fall of Water: Elemental Mysteries Book Four']","['Fans of paranormal and young adult literature would enjoy Meeting Destiny: Destiny Series, Book 1.', 'Paranormal romance fans who enjoy twisty and turny plots would enjoy this book.', ""Fans of contemporary fantasy, paranormal romance, and contemporary romance would enjoy 'A Fall of Water: Elemental Mysteries Book Four' by Elizabeth Hunter.""]",0.05,9,14.051033020019531,"<s>[INST] <<SYS>>
You are a logic engine. Your goal is to explain how the BRIDGE BOOKS prove that the TARGET BOOK fits the USER PROFILE.
<</SYS>>

USER PROFILE: This user is likely to enjoy suspenseful romance novels with strong female protagonists, humorous and emotional contemporary romance and young adult novels, mystery and legal thrillers, and romance series with interconnected storylines.
TARGET: A Hidden Fire: Elemental Mysteries Book 1 (Fans of paranormal romance with a taste for mystery and intrigue will enjoy A Hidden Fire.)
BRIDGES:
- Meeting Destiny: Destiny Series, Book 1: Fans of paranormal and young adult literature would enjoy Meeting Destiny: Destiny Series, Book 1.
- The Finding (The Law of the Lycans): Paranormal romance fans who enjoy twisty and turny plots would enjoy this book.
- A Fall of Water: Elemental Mysteries Book Four: Fans of contemporary fantasy, paranormal romance, and contemporary romance would enjoy 'A Fall of Water: Elemental Mysteries Book Four' by Elizabeth Hunter.
DATA: <USER_EMBED> <ITEM_EMBED>
[/INST] If the user explored Meeting Destiny: Destiny Series, Book 1, The Finding (The Law of the Lycans), A Fall of Water: Elemental Mysteries Book Four, their preferences would shift toward 'A Hidden Fire: Elemental Mysteries Book 1'. Specifically, <EXPLAIN_POS>","10% of the user's preferences are for paranormal romance, 37.5% toward fantasy and mystery novels with a touch of humor.",near_miss
33,"This user is likely to enjoy books that explore social commentary, personal growth, and self-improvement. They enjoy thought-provoking stories that challenge societal norms and encourage readers to question the status quo. They appreciate heartwarming and humorous stories about love, friendship, and the trials of life. The user is open to spirituality and are interested in books that offer a fresh perspective on faith. Overall, this user enjoys books that inspire personal reflection and promote positive change.",14885,"THE LORD OF THE RINGS Trilogy - (The Fellowship of the Ring, The Return of the Ring, The Two Towers) - 3 BOOK SET (MOVIE COVERS)","Fans of high fantasy and epic adventures would enjoy this book, particularly those who appreciate the movie adaptations of The Lord of the Rings. The stunning movie tie-in covers add to the appeal.",10.240772247314453,10.30049991607666,0.05972766876220703,"[4591, 229, 212]","['Harry Potter And The Goblet Of Fire', 'Holt McDougal Library, High School with Connections: Individual Reader 1984', 'The Screwtape Letters: How a Senior Devil Instructs a Junior Devil in the Art of Temptation']","['Children and young adults between the ages of 8 and 12 who enjoy fantasy and adventure stories would enjoy this book.', 'Fans of dystopian fiction and political commentary would enjoy this book.', 'Christian readers interested in understanding the nature of evil and temptation would enjoy The Screwtape Letters by C. S. Lewis.']",0.15,10,10.854741096496582,"<s>[INST] <<SYS>>
You are a logic engine. Your goal is to explain how the BRIDGE BOOKS prove that the TARGET BOOK fits the USER PROFILE.
<</SYS>>

USER PROFILE: This user is likely to enjoy books that explore social commentary, personal growth, and self-improvement. They enjoy thought-provoking stories that challenge societal norms and encourage readers to question the status quo. They appreciate heartwarming and humorous stories about love, friendship, and the trials of life. The user is open to spirituality and are interested in books that offer a fresh perspective on faith. Overall, this user enjoys books that inspire personal reflection and promote positive change.
TARGET: THE LORD OF THE RINGS Trilogy - (The Fellowship of the Ring, The Return of the Ring, The Two Towers) - 3 BOOK SET (MOVIE COVERS) (Fans of high fantasy and epic adventures would enjoy this book, particularly those who appreciate the movie adaptations of The Lord of the Rings. The stunning movie tie-in covers add to the appeal.)
BRIDGES:
- Harry Potter And The Goblet Of Fire: Children and young adults between the ages of 8 and 12 who enjoy fantasy and adventure stories would enjoy this book.
- Holt McDougal Library, High School with Connections: Individual Reader 1984: Fans of dystopian fiction and political commentary would enjoy this book.
- The Screwtape Letters: How a Senior Devil Instructs a Junior Devil in the Art of Temptation: Christian readers interested in understanding the nature of evil and temptation would enjoy The Screwtape Letters by C. S. Lewis.
DATA: <USER_EMBED> <ITEM_EMBED>
[/INST] If the user explored Harry Potter And The Goblet Of Fire, Holt McDougal Library, High School with Connections: Individual Reader 1984, The Screwtape Letters: How a Senior Devil Instructs a Junior Devil in the Art of Temptation, their preferences would shift toward 'THE LORD OF THE RINGS Trilogy - (The Fellowship of the Ring, The Return of the Ring, The Two Towers) - 3 BOOK SET (MOVIE COVERS)'. Specifically, <EXPLAIN_POS>","1) The user's enjoyment of the book series and its impact on their life, as well as the value in exploring other books like ""The Screwtape Letters"" to gain a deeper understanding of evil, would indicate that they appreciate complex storytelling with deep themes.",near_miss
34,"This user is likely to enjoy books that fall into the fantasy genre and have elements of high adventure and epic quests. They appreciate well-developed characters, intricate world-building, and immersive storytelling. The user also enjoys books with strong themes of friendship and personal growth. Books that have been adapted into movies and feature stunning cover art are particularly appealing to this user.",2193,A Clash of Kings: A Song of Ice and Fire: Book Two,Fans of epic fantasy novels with intricate plots and complex characters would enjoy A Clash of Kings: A Song of Ice and Fire: Book Two.,10.046907424926758,10.083325386047363,0.03641796112060547,"[1572, 253, 1355]","['The Eyes of the Dragon', 'item_253', 'Rip Van Winkle and Other Stories (Puffin Classics)']","['Fans of Stephen King and his writing style would enjoy The Eyes of the Dragon.', 'Fans of suspenseful horror novels and readers interested in exploring hidden societal themes would enjoy The Stepford Wives.', 'Fans of classic American literature and those interested in tales of imagination and folklore will enjoy this book.']",0.05,9,10.051363945007324,"<s>[INST] <<SYS>>
You are a logic engine. Your goal is to explain how the BRIDGE BOOKS prove that the TARGET BOOK fits the USER PROFILE.
<</SYS>>

USER PROFILE: This user is likely to enjoy books that fall into the fantasy genre and have elements of high adventure and epic quests. They appreciate well-developed characters, intricate world-building, and immersive storytelling. The user also enjoys books with strong themes of friendship and personal growth. Books that have been adapted into movies and feature stunning cover art are particularly appealing to this user.
TARGET: A Clash of Kings: A Song of Ice and Fire: Book Two (Fans of epic fantasy novels with intricate plots and complex characters would enjoy A Clash of Kings: A Song of Ice and Fire: Book Two.)
BRIDGES:
- The Eyes of the Dragon: Fans of Stephen King and his writing style would enjoy The Eyes of the Dragon.
- item_253: Fans of suspenseful horror novels and readers interested in exploring hidden societal themes would enjoy The Stepford Wives.
- Rip Van Winkle and Other Stories (Puffin Classics): Fans of classic American literature and those interested in tales of imagination and folklore will enjoy this book.
DATA: <USER_EMBED> <ITEM_EMBED>
[/INST] If the user explored The Eyes of the Dragon, item_253, Rip Van Winkle and Other Stories (Puffin Classics), their preferences would shift toward 'A Clash of Kings: A Song of Ice and Fire: Book Two'. Specifically, <EXPLAIN_POS>","the user's interest in fantasy and horror would be evident, as well as their appreciation for classic literature.",near_miss
35,"Based on the user's purchases and reviews, this user is likely to enjoy books that are entertaining and suitable for children, as well as historical fiction and political dramas.",2149,"Destiny of the Republic: A Tale of Madness, Medicine and the Murder of a President","History enthusiasts, fans of true crime, and those interested in politics and medical mysteries would enjoy this book.",9.260538101196289,9.271102905273438,0.010564804077148438,"[2490, 2339, 1907]","['American Caesar: Douglas MacArthur 1880 - 1964', 'The World Without Us', ""Imperial Life in The Emerald City: Inside Iraq's Green Zone""]","[""History enthusiasts and fans of biographies would enjoy 'American Caesar: Douglas MacArthur 1880 - 1964'."", 'Environmentalists, science enthusiasts, and those interested in post-apocalyptic scenarios would enjoy this book.', 'Users interested in a critical analysis of the U.S. occupation of Iraq and those who appreciate dark humor and satire would enjoy this book.']",0.05,10,9.287808418273926,"<s>[INST] <<SYS>>
You are a logic engine. Your goal is to explain how the BRIDGE BOOKS prove that the TARGET BOOK fits the USER PROFILE.
<</SYS>>

USER PROFILE: Based on the user's purchases and reviews, this user is likely to enjoy books that are entertaining and suitable for children, as well as historical fiction and political dramas.
TARGET: Destiny of the Republic: A Tale of Madness, Medicine and the Murder of a President (History enthusiasts, fans of true crime, and those interested in politics and medical mysteries would enjoy this book.)
BRIDGES:
- American Caesar: Douglas MacArthur 1880 - 1964: History enthusiasts and fans of biographies would enjoy 'American Caesar: Douglas MacArthur 1880 - 1964'.
- The World Without Us: Environmentalists, science enthusiasts, and those interested in post-apocalyptic scenarios would enjoy this book.
- Imperial Life in The Emerald City: Inside Iraq's Green Zone: Users interested in a critical analysis of the U.S. occupation of Iraq and those who appreciate dark humor and satire would enjoy this book.
DATA: <USER_EMBED> <ITEM_EMBED>
[/INST] If the user explored American Caesar: Douglas MacArthur 1880 - 1964, The World Without Us, Imperial Life in The Emerald City: Inside Iraq's Green Zone, their preferences would shift toward 'Destiny of the Republic: A Tale of Madness, Medicine and the Murder of a President'. Specifically, <EXPLAIN_POS>","the user would appreciate the book's exploration of MacArthur and his role in shaping American history, as well as its focus on historical events rather than fictional tales.",near_miss
36,"Based on the user's purchase history and reviews, this user is likely to enjoy books that are a blend of dark and atmospheric storytelling with a touch of supernatural elements. Historical fiction novels, particularly those set in the Tudor era and exploring alternative history, are also well-suited to this user's taste. Additionally, books that delve into the complex lives of renowned literary figures would appeal to this user.",1537,Fire (A Companion to Graceling),"Fans of young adult fantasy novels with strong, complex characters and a compelling love story will enjoy Fire. This book has been praised for its originality, thoughtful themes, and steamy romance. It has received awards and critical acclaim, making it a highly regarded read in the genre.",10.956308364868164,11.105052947998047,0.1487445831298828,"[3839, 2058, 10016]","['The Here and Now', 'Revolution', 'Carniepunk']","['Fans of young adult dystopian novels with elements of romance and time travel would enjoy The Here and Now.', 'Fans of historical fiction and music lovers would enjoy this book', 'Fans of horror, magic, and adventure with a taste for unique narratives and a love for carnivals will enjoy this book.']",0.1,10,10.74799919128418,"<s>[INST] <<SYS>>
You are a logic engine. Your goal is to explain how the BRIDGE BOOKS prove that the TARGET BOOK fits the USER PROFILE.
<</SYS>>

USER PROFILE: Based on the user's purchase history and reviews, this user is likely to enjoy books that are a blend of dark and atmospheric storytelling with a touch of supernatural elements. Historical fiction novels, particularly those set in the Tudor era and exploring alternative history, are also well-suited to this user's taste. Additionally, books that delve into the complex lives of renowned literary figures would appeal to this user.
TARGET: Fire (A Companion to Graceling) (Fans of young adult fantasy novels with strong, complex characters and a compelling love story will enjoy Fire. This book has been praised for its originality, thoughtful themes, and steamy romance. It has received awards and critical acclaim, making it a highly regarded read in the genre.)
BRIDGES:
- The Here and Now: Fans of young adult dystopian novels with elements of romance and time travel would enjoy The Here and Now.
- Revolution: Fans of historical fiction and music lovers would enjoy this book
- Carniepunk: Fans of horror, magic, and adventure with a taste for unique narratives and a love for carnivals will enjoy this book.
DATA: <USER_EMBED> <ITEM_EMBED>
[/INST] If the user explored The Here and Now, Revolution, Carniepunk, their preferences would shift toward 'Fire (A Companion to Graceling)'. Specifically, <EXPLAIN_POS>","""The User"" would enjoy Fire for its dark and atmospheric storytelling, historical fiction set in the Tudor era with supernatural elements. The user's love of complex characters and compulsive reading makes them a fan of Kristin Cashore.",near_miss
37,"Based on the user's reviews and ratings, this user is likely to enjoy legal thrillers, crime novels, and suspenseful stories with complex characters. They appreciate books that explore social issues and have realistic portrayals. They also enjoy fast-paced and page-turning stories. The user prefers books with intriguing protagonists and well-developed plots.",2197,Jack Reacher: One Shot (Movie Tie-in Edition): A Novel (Random House Large Print),"Fans of action-packed thrillers will enjoy Jack Reacher: One Shot. With its gripping storyline and intense action sequences, this book is perfect for readers who enjoy fast-paced and suspenseful novels.",15.165289878845215,15.43494987487793,0.26965999603271484,"[3692, 2482, 2461]","['Persuader (Jack Reacher, No. 7)', 'Cross (Alex Cross)', 'The Black Ice (Harry Bosch)']","['Fans of action-packed thrillers and suspenseful mysteries will enjoy this book.', 'Fans of detective novels and suspenseful thrillers would enjoy this book.', 'Fans of crime thrillers and detective stories will enjoy The Black Ice. With its gripping narrative and thrilling plot, this book will captivate readers who enjoy suspenseful and fast-paced stories. Harry Bosch fans will particularly enjoy this sequel, as it continues the adventures of the beloved LAPD detective.']",0.1,10,14.974472999572754,"<s>[INST] <<SYS>>
You are a logic engine. Your goal is to explain how the BRIDGE BOOKS prove that the TARGET BOOK fits the USER PROFILE.
<</SYS>>

USER PROFILE: Based on the user's reviews and ratings, this user is likely to enjoy legal thrillers, crime novels, and suspenseful stories with complex characters. They appreciate books that explore social issues and have realistic portrayals. They also enjoy fast-paced and page-turning stories. The user prefers books with intriguing protagonists and well-developed plots.
TARGET: Jack Reacher: One Shot (Movie Tie-in Edition): A Novel (Random House Large Print) (Fans of action-packed thrillers will enjoy Jack Reacher: One Shot. With its gripping storyline and intense action sequences, this book is perfect for readers who enjoy fast-paced and suspenseful novels.)
BRIDGES:
- Persuader (Jack Reacher, No. 7): Fans of action-packed thrillers and suspenseful mysteries will enjoy this book.
- Cross (Alex Cross): Fans of detective novels and suspenseful thrillers would enjoy this book.
- The Black Ice (Harry Bosch): Fans of crime thrillers and detective stories will enjoy The Black Ice. With its gripping narrative and thrilling plot, this book will captivate readers who enjoy suspenseful and fast-paced stories. Harry Bosch fans will particularly enjoy this sequel, as it continues the adventures of the beloved LAPD detective.
DATA: <USER_EMBED> <ITEM_EMBED>
[/INST] If the user explored Persuader (Jack Reacher, No. 7), Cross (Alex Cross), The Black Ice (Harry Bosch), their preferences would shift toward 'Jack Reacher: One Shot (Movie Tie-in Edition): A Novel (Random House Large Print)'. Specifically, <EXPLAIN_POS>","Jack Reacher: One Shot would appeal to users who enjoy fast-paced and suspenseful stories with complex characters, as well as those looking for a gripping narrative that keeps them engaged.",near_miss
38,"This user is likely to enjoy books that are part of a series with strong female protagonists, include supernatural creatures such as vampires, werewolves, and zombies, and have a mix of action, romance, and humor.",10377,Breakers (Book 1),"Fans of science fiction and fantasy novels, particularly those who enjoy short fiction and epic fantasy series, would enjoy Breakers (Book 1).",9.003469467163086,9.029131889343262,0.02566242218017578,"[11100, 4517, 10912]","['Slow Burn: Infected, Book 2', 'Omega Days (An Omega Days Novel)', 'Reapers: Breakers, Book 4']","['Fans of horror and thriller genres, particularly those interested in post-apocalyptic settings and suspenseful, action-packed plots, would enjoy Slow Burn: Infected, Book 2.', 'Fans of fast-paced, action-packed zombie thrillers with compelling characters and a realistic portrayal of a world gone insane would enjoy Omega Days.', 'Fans of the post-apocalyptic genre who enjoy series with multiple books will appreciate Reapers: Breakers, Book 4.']",0.05,9,9.01539421081543,"<s>[INST] <<SYS>>
You are a logic engine. Your goal is to explain how the BRIDGE BOOKS prove that the TARGET BOOK fits the USER PROFILE.
<</SYS>>

USER PROFILE: This user is likely to enjoy books that are part of a series with strong female protagonists, include supernatural creatures such as vampires, werewolves, and zombies, and have a mix of action, romance, and humor.
TARGET: Breakers (Book 1) (Fans of science fiction and fantasy novels, particularly those who enjoy short fiction and epic fantasy series, would enjoy Breakers (Book 1).)
BRIDGES:
- Slow Burn: Infected, Book 2: Fans of horror and thriller genres, particularly those interested in post-apocalyptic settings and suspenseful, action-packed plots, would enjoy Slow Burn: Infected, Book 2.
- Omega Days (An Omega Days Novel): Fans of fast-paced, action-packed zombie thrillers with compelling characters and a realistic portrayal of a world gone insane would enjoy Omega Days.
- Reapers: Breakers, Book 4: Fans of the post-apocalyptic genre who enjoy series with multiple books will appreciate Reapers: Breakers, Book 4.
DATA: <USER_EMBED> <ITEM_EMBED>
[/INST] If the user explored Slow Burn: Infected, Book 2, Omega Days (An Omega Days Novel), Reapers: Breakers, Book 4, their preferences would shift toward 'Breakers (Book 1)'. Specifically, <EXPLAIN_POS>","the user would enjoy Breakers (Book 1) if they are fans of science fiction and fantasy novels, particularly those who prefer short fictions or epic series. The BRIDGES show that these books have a lot in common with ""Breaker,"" making them appealing to readers like this one.",near_miss
40,This user is likely to enjoy crime thrillers with strong female protagonists set in a futuristic world. They prefer books with well-developed characters and engaging plotlines. They also enjoy fantasy literature with well-built worlds and emotionally involved storytelling.,3210,Apprentice in Death: 43,Readers who enjoy crime thrillers and are not concerned with the edition or minor wear on the book would enjoy Apprentice in Death: 43.,12.86436939239502,12.915121078491211,0.050751686096191406,"[8630, 4236, 4048]","['Dark in Death: An Eve Dallas Novel (In Death, Book 46)', 'Reunion in Death', 'Celebrity In Death']","['Fans of suspenseful and thrilling crime novels will enjoy Dark in Death. The book features an intense chess match between Eve Dallas, a strong and intelligent detective, and her cunning opponent. The suspense is skillfully built up throughout the story, keeping readers engaged until the end.', 'Fans of futuristic cop series and suspenseful mysteries would enjoy this book, particularly those who appreciate strong female protagonists and complex relationships. The book offers a mix of sex, death, family drama, and well-orchestrated chase scenes, keeping readers engaged. The character development of the protagonist, Eve Dallas, adds depth to the story, as she navigates her personal struggles while solving the case. The plot is tight and suspenseful, with a satisfying conclusion.', ""Fans of crime fiction and police procedural novels would enjoy 'Celebrity In Death'""]",0.05,10,12.771021842956543,"<s>[INST] <<SYS>>
You are a logic engine. Your goal is to explain how the BRIDGE BOOKS prove that the TARGET BOOK fits the USER PROFILE.
<</SYS>>

USER PROFILE: This user is likely to enjoy crime thrillers with strong female protagonists set in a futuristic world. They prefer books with well-developed characters and engaging plotlines. They also enjoy fantasy literature with well-built worlds and emotionally involved storytelling.
TARGET: Apprentice in Death: 43 (Readers who enjoy crime thrillers and are not concerned with the edition or minor wear on the book would enjoy Apprentice in Death: 43.)
BRIDGES:
- Dark in Death: An Eve Dallas Novel (In Death, Book 46): Fans of suspenseful and thrilling crime novels will enjoy Dark in Death. The book features an intense chess match between Eve Dallas, a strong and intelligent detective, and her cunning opponent. The suspense is skillfully built up throughout the story, keeping readers engaged until the end.
- Reunion in Death: Fans of futuristic cop series and suspenseful mysteries would enjoy this book, particularly those who appreciate strong female protagonists and complex relationships. The book offers a mix of sex, death, family drama, and well-orchestrated chase scenes, keeping readers engaged. The character development of the protagonist, Eve Dallas, adds depth to the story, as she navigates her personal struggles while solving the case. The plot is tight and suspenseful, with a satisfying conclusion.
- Celebrity In Death: Fans of crime fiction and police procedural novels would enjoy 'Celebrity In Death'
DATA: <USER_EMBED> <ITEM_EMBED>
[/INST] If the user explored Dark in Death: An Eve Dallas Novel (In Death, Book 46), Reunion in Death, Celebrity In Death, their preferences would shift toward 'Apprentice in Death: 43'. Specifically, <EXPLAIN_POS>","1) The user would enjoy the series if they were interested in crime thrillers with strong female protagonists set in a futuristic world, 2) They may find it challenging to follow an author's newest release without reading previous books first.",near_miss
41,"Based on the user's purchased books, it can be surmised that they enjoy young adult paranormal fiction novels with diverse teen voices, engaging writing, and a hint of romance. They also appreciate urban fantasy novels that incorporate action, romance, and supernatural elements. Furthermore, the user is likely to enjoy young adult romance novels with a touch of mystery and suspense. Overall, the user seems to gravitate towards books that feature well-paced plots, complex characters, and explore uncomfortable situations.",108,Every Which Way But Dead,"Fans of urban fantasy and paranormal romance will enjoy Every Which Way But Dead. With its mix of action, magic, and romance, this book is perfect for readers who enjoy strong female leads and a gripping plot.",6.165423393249512,6.304535865783691,0.1391124725341797,"[4248, 114, 2813]","['Undead and Unwed (Queen Betsy, Book 1)', 'The Good, the Bad and the Undead', 'Circus of the Damned (Anita Blake, Vampire Hunter)']","['Fans of comedic paranormal romance novels with strong female leads will enjoy this book.', ""Fans of supernatural fiction and mystery lovers would enjoy 'The Good, the Bad and the Undead'."", 'Fans of urban fantasy novels with a strong female protagonist and a mix of supernatural elements would enjoy this book.']",0.15,10,6.298929691314697,"<s>[INST] <<SYS>>
You are a logic engine. Your goal is to explain how the BRIDGE BOOKS prove that the TARGET BOOK fits the USER PROFILE.
<</SYS>>

USER PROFILE: Based on the user's purchased books, it can be surmised that they enjoy young adult paranormal fiction novels with diverse teen voices, engaging writing, and a hint of romance. They also appreciate urban fantasy novels that incorporate action, romance, and supernatural elements. Furthermore, the user is likely to enjoy young adult romance novels with a touch of mystery and suspense. Overall, the user seems to gravitate towards books that feature well-paced plots, complex characters, and explore uncomfortable situations.
TARGET: Every Which Way But Dead (Fans of urban fantasy and paranormal romance will enjoy Every Which Way But Dead. With its mix of action, magic, and romance, this book is perfect for readers who enjoy strong female leads and a gripping plot.)
BRIDGES:
- Undead and Unwed (Queen Betsy, Book 1): Fans of comedic paranormal romance novels with strong female leads will enjoy this book.
- The Good, the Bad and the Undead: Fans of supernatural fiction and mystery lovers would enjoy 'The Good, the Bad and the Undead'.
- Circus of the Damned (Anita Blake, Vampire Hunter): Fans of urban fantasy novels with a strong female protagonist and a mix of supernatural elements would enjoy this book.
DATA: <USER_EMBED> <ITEM_EMBED>
[/INST] If the user explored Undead and Unwed (Queen Betsy, Book 1), The Good, the Bad and the Undead, Circus of the Damned (Anita Blake, Vampire Hunter), their preferences would shift toward 'Every Which Way But Dead'. Specifically, <EXPLAIN_POS>","the user's interest in paranormal romance and urban fantasy novels with a mix of supernatural elements, strong female protagonists, action-packed plots, engaging writing style, diverse voices, complex characters, well-paced stories that explore uncomfortable situations would be evident.",near_miss
42,"Based on the user's reviewed books, it seems that the user enjoys books that involve strong and compelling female characters, full of mystery, suspense, and romance. The user also appreciates books with historical settings, political intrigue, and detailed descriptions. Overall, the user is likely to enjoy books that blend various genres and offer unique perspectives on familiar themes.",6479,A Cast of Stones (The Staff and the Sword),"Fans of fast-paced fantasy novels with engaging characters and a medieval setting would enjoy A Cast of Stones. The story follows Errol Stone, a roustabout in a backwater village who becomes entangled in a dangerous quest that could change the fate of his kingdom. With assassins hunting him and his companions, Errol must leave behind his past and discover his own strength. This debut novel offers a well-plotted transformation of the protagonist, along with an imaginative world and a captivating storyline.",9.09621524810791,9.104188919067383,0.007973670959472656,"[6361, 3348, 7487]","[""Elisha's Bones"", 'item_3348', 'Sudan']","[""Fans of archaeological mysteries and religious conspiracies will enjoy Elisha's Bones. The thrilling quest to uncover a deadly conspiracy and search for ancient artifacts will appeal to adventure seekers and history enthusiasts."", 'Fans of mystery novels would enjoy Heartshot.', 'Users interested in social justice and advocacy would enjoy this book.']",0.05,10,9.124770164489746,"<s>[INST] <<SYS>>
You are a logic engine. Your goal is to explain how the BRIDGE BOOKS prove that the TARGET BOOK fits the USER PROFILE.
<</SYS>>

USER PROFILE: Based on the user's reviewed books, it seems that the user enjoys books that involve strong and compelling female characters, full of mystery, suspense, and romance. The user also appreciates books with historical settings, political intrigue, and detailed descriptions. Overall, the user is likely to enjoy books that blend various genres and offer unique perspectives on familiar themes.
TARGET: A Cast of Stones (The Staff and the Sword) (Fans of fast-paced fantasy novels with engaging characters and a medieval setting would enjoy A Cast of Stones. The story follows Errol Stone, a roustabout in a backwater village who becomes entangled in a dangerous quest that could change the fate of his kingdom. With assassins hunting him and his companions, Errol must leave behind his past and discover his own strength. This debut novel offers a well-plotted transformation of the protagonist, along with an imaginative world and a captivating storyline.)
BRIDGES:
- Elisha's Bones: Fans of archaeological mysteries and religious conspiracies will enjoy Elisha's Bones. The thrilling quest to uncover a deadly conspiracy and search for ancient artifacts will appeal to adventure seekers and history enthusiasts.
- item_3348: Fans of mystery novels would enjoy Heartshot.
- Sudan: Users interested in social justice and advocacy would enjoy this book.
DATA: <USER_EMBED> <ITEM_EMBED>
[/INST] If the user explored Elisha's Bones, item_3348, Sudan, their preferences would shift toward 'A Cast of Stones (The Staff and the Sword)'. Specifically, <EXPLAIN_POS>","the user would appreciate a story with strong female characters, mysterious and suspenseful plot elements, historical settings, political intrigue, detailed descriptions, blending of genres, unique perspectives on familiar themes. The BRIDGES between these books could be found in their shared features such as fast-paced fantasy novels set in medieval times featuring engaging protagonists.",near_miss
43,"This user is likely to enjoy urban fantasy and paranormal romance novels with strong female protagonists and elements of political intrigue. They also enjoy books that are action packed and erotic. Additionally, they appreciate gripping tales of love, murder, and mystery with elements of suspense and passion.",4062,Delusion in Death,"Fans of suspenseful crime novels with a touch of the supernatural, who enjoy following a strong female detective, will be captivated by 'Delusion in Death' by J.D. Robb.",8.24615478515625,8.399811744689941,0.1536569595336914,"[4223, 4024, 4071]","['Immortal in Death (In Death, Book 3)', 'Treachery in Death', 'Thankless in Death']","['Fans of suspenseful crime novels with a touch of romance set in a futuristic world would enjoy Immortal in Death.', 'Fans of fast-paced police procedurals will enjoy Treachery in Death, with its intricate plot, well-matched opponents, and satisfying climax.', 'Fans of futuristic crime thrillers set in New York City with a strong and resourceful female protagonist would enjoy this book.']",0.1,10,8.647113800048828,"<s>[INST] <<SYS>>
You are a logic engine. Your goal is to explain how the BRIDGE BOOKS prove that the TARGET BOOK fits the USER PROFILE.
<</SYS>>

USER PROFILE: This user is likely to enjoy urban fantasy and paranormal romance novels with strong female protagonists and elements of political intrigue. They also enjoy books that are action packed and erotic. Additionally, they appreciate gripping tales of love, murder, and mystery with elements of suspense and passion.
TARGET: Delusion in Death (Fans of suspenseful crime novels with a touch of the supernatural, who enjoy following a strong female detective, will be captivated by 'Delusion in Death' by J.D. Robb.)
BRIDGES:
- Immortal in Death (In Death, Book 3): Fans of suspenseful crime novels with a touch of romance set in a futuristic world would enjoy Immortal in Death.
- Treachery in Death: Fans of fast-paced police procedurals will enjoy Treachery in Death, with its intricate plot, well-matched opponents, and satisfying climax.
- Thankless in Death: Fans of futuristic crime thrillers set in New York City with a strong and resourceful female protagonist would enjoy this book.
DATA: <USER_EMBED> <ITEM_EMBED>
[/INST] If the user explored Immortal in Death (In Death, Book 3), Treachery in Death, Thankless in Death, their preferences would shift toward 'Delusion in Death'. Specifically, <EXPLAIN_POS>","""The user"" would enjoy the books by J.D Robb, as they are fans of suspenseful crime novels with a touch of romance set in futuristic worlds.",near_miss
44,"This user is likely to enjoy epic fantasy novels with complex political intrigue, battle-filled plots, and strong female protagonists. They also enjoy urban fantasy-thrillers with captivating storylines, suspense, action, and supernatural elements.",4900,Lover At Last: A Novel of the Black Dagger Brotherhood,Fans of J.R. Ward's Black Dagger Brotherhood series and readers who enjoy erotic romance novels will enjoy 'Lover At Last: A Novel of the Black Dagger Brotherhood'.,10.869406700134277,10.951648712158203,0.08224201202392578,"[3751, 4863, 3732]","['Iced: Fever Series Book 6', 'Lover Mine (Black Dagger Brotherhood, Book 8)', 'Burned: A Fever Novel']","['Fans of urban fantasy with fast-paced action and engaging characters will enjoy this book.', 'Fans of dark fantasy, urban fantasy romance, and thrilling reads will enjoy Lover Mine (Black Dagger Brotherhood, Book 8).', 'Fans of urban fantasy and paranormal romance will enjoy this book. It has thrilling suspense, steamy scenes, and a captivating storyline. The series has a strong and relatable heroine and an intriguing alpha male character. The worldbuilding and fae lore are exceptional, making it a must-read for fans of the genre.']",0.05,10,10.980570793151855,"<s>[INST] <<SYS>>
You are a logic engine. Your goal is to explain how the BRIDGE BOOKS prove that the TARGET BOOK fits the USER PROFILE.
<</SYS>>

USER PROFILE: This user is likely to enjoy epic fantasy novels with complex political intrigue, battle-filled plots, and strong female protagonists. They also enjoy urban fantasy-thrillers with captivating storylines, suspense, action, and supernatural elements.
TARGET: Lover At Last: A Novel of the Black Dagger Brotherhood (Fans of J.R. Ward's Black Dagger Brotherhood series and readers who enjoy erotic romance novels will enjoy 'Lover At Last: A Novel of the Black Dagger Brotherhood'.)
BRIDGES:
- Iced: Fever Series Book 6: Fans of urban fantasy with fast-paced action and engaging characters will enjoy this book.
- Lover Mine (Black Dagger Brotherhood, Book 8): Fans of dark fantasy, urban fantasy romance, and thrilling reads will enjoy Lover Mine (Black Dagger Brotherhood, Book 8).
- Burned: A Fever Novel: Fans of urban fantasy and paranormal romance will enjoy this book. It has thrilling suspense, steamy scenes, and a captivating storyline. The series has a strong and relatable heroine and an intriguing alpha male character. The worldbuilding and fae lore are exceptional, making it a must-read for fans of the genre.
DATA: <USER_EMBED> <ITEM_EMBED>
[/INST] If the user explored Iced: Fever Series Book 6, Lover Mine (Black Dagger Brotherhood, Book 8), Burned: A Fever Novel, their preferences would shift toward 'Lover At Last: A Novel of the Black Dagger Brotherhood'. Specifically, <EXPLAIN_POS>","50% of the user's preferences would be towards ""Lover At Last"" because it features a strong heroine, an engaging storyline with romance and action, and captivating characters. The other 30%, however, are drawn to Iced: Fever Series Book Six for its fast-paced action, gripping plot, intriguing fae lore, relatable protagonist Zoey Redbird, and entertainment value.",near_miss
45,"Based on the user's positive reviews and high ratings, it can be concluded that this user enjoys books that fall into the genres of romance, mystery, paranormal romance, urban fantasy, and women's fiction.",8271,Betrayed: Days of the Rogue (Law of the Lycans),Fans of paranormal romance with a preference for unpredictable plots and engaging characters will enjoy Betrayed: Days of the Rogue (Law of the Lycans),8.64629077911377,8.647578239440918,0.0012874603271484375,"[8279, 9461, 9416]","['The Finding (The Law of the Lycans)', 'Fire Burn and Cauldron Bubble: The Jolie Wilkins Series, Book 1', 'The Spell (Big Bad Wolf)']","['Paranormal romance fans who enjoy twisty and turny plots would enjoy this book.', 'Fans of urban fantasy and paranormal romance who enjoy stories with fairies, witches, vampires, and alpha warlocks would enjoy Fire Burn and Cauldron Bubble: The Jolie Wilkins Series, Book 1 by H.P. Mallory.', 'Fans of fantasy and paranormal romance would enjoy this book.']",0.05,10,8.8072509765625,"<s>[INST] <<SYS>>
You are a logic engine. Your goal is to explain how the BRIDGE BOOKS prove that the TARGET BOOK fits the USER PROFILE.
<</SYS>>

USER PROFILE: Based on the user's positive reviews and high ratings, it can be concluded that this user enjoys books that fall into the genres of romance, mystery, paranormal romance, urban fantasy, and women's fiction.
TARGET: Betrayed: Days of the Rogue (Law of the Lycans) (Fans of paranormal romance with a preference for unpredictable plots and engaging characters will enjoy Betrayed: Days of the Rogue (Law of the Lycans))
BRIDGES:
- The Finding (The Law of the Lycans): Paranormal romance fans who enjoy twisty and turny plots would enjoy this book.
- Fire Burn and Cauldron Bubble: The Jolie Wilkins Series, Book 1: Fans of urban fantasy and paranormal romance who enjoy stories with fairies, witches, vampires, and alpha warlocks would enjoy Fire Burn and Cauldron Bubble: The Jolie Wilkins Series, Book 1 by H.P. Mallory.
- The Spell (Big Bad Wolf): Fans of fantasy and paranormal romance would enjoy this book.
DATA: <USER_EMBED> <ITEM_EMBED>
[/INST] If the user explored The Finding (The Law of the Lycans), Fire Burn and Cauldron Bubble: The Jolie Wilkins Series, Book 1, The Spell (Big Bad Wolf), their preferences would shift toward 'Betrayed: Days of the Rogue (Law of the Lycans)'. Specifically, <EXPLAIN_POS>","1) The user would enjoy a more predictable plot with engaging characters, 2) A strong romantic interest between the main character and another character in addition to her love for paranormal romance.
/",near_miss
46,"Based on the user's reviews and ratings, this user is likely to enjoy books that fall into the genres of urban fantasy, detective thrillers with a touch of romance, and romantic suspense with a mystery twist. They appreciate strong female heroines and enjoy well-written, fast-paced plots. The user also appreciates character development, emotional growth, and realistic relationships between the hero and heroine.",4248,"Undead and Unwed (Queen Betsy, Book 1)",Fans of comedic paranormal romance novels with strong female leads will enjoy this book.,11.307806015014648,11.309277534484863,0.0014715194702148438,"[4268, 2431, 1703]","['An Ice Cold Grave (Harper Connelly Mysteries, Book 3)', 'Ill Wind', 'Obsidian Butterfly Unabridged CDs (Anita Blake, Vampire Hunter, No 9)']","['Fans of mystery and thriller novels will enjoy An Ice Cold Grave. The book features a psychic sleuth who is tasked with finding the bodies of runaway boys, suspected victims of a serial killer. With a changing relationship, surprising discoveries, and media attention, the story delivers fear and charm in a down-home setting.', 'Users who enjoy disaster scenarios, plucky ingenuity, and references to pop culture artifacts would enjoy this book.', 'Fans of the Anita Blake, Vampire Hunter series who enjoy thrilling urban fantasy novels with strong female protagonists and supernatural elements would enjoy Obsidian Butterfly Unabridged CDs.']",0.05,9,11.108378410339355,"<s>[INST] <<SYS>>
You are a logic engine. Your goal is to explain how the BRIDGE BOOKS prove that the TARGET BOOK fits the USER PROFILE.
<</SYS>>

USER PROFILE: Based on the user's reviews and ratings, this user is likely to enjoy books that fall into the genres of urban fantasy, detective thrillers with a touch of romance, and romantic suspense with a mystery twist. They appreciate strong female heroines and enjoy well-written, fast-paced plots. The user also appreciates character development, emotional growth, and realistic relationships between the hero and heroine.
TARGET: Undead and Unwed (Queen Betsy, Book 1) (Fans of comedic paranormal romance novels with strong female leads will enjoy this book.)
BRIDGES:
- An Ice Cold Grave (Harper Connelly Mysteries, Book 3): Fans of mystery and thriller novels will enjoy An Ice Cold Grave. The book features a psychic sleuth who is tasked with finding the bodies of runaway boys, suspected victims of a serial killer. With a changing relationship, surprising discoveries, and media attention, the story delivers fear and charm in a down-home setting.
- Ill Wind: Users who enjoy disaster scenarios, plucky ingenuity, and references to pop culture artifacts would enjoy this book.
- Obsidian Butterfly Unabridged CDs (Anita Blake, Vampire Hunter, No 9): Fans of the Anita Blake, Vampire Hunter series who enjoy thrilling urban fantasy novels with strong female protagonists and supernatural elements would enjoy Obsidian Butterfly Unabridged CDs.
DATA: <USER_EMBED> <ITEM_EMBED>
[/INST] If the user explored An Ice Cold Grave (Harper Connelly Mysteries, Book 3), Ill Wind, Obsidian Butterfly Unabridged CDs (Anita Blake, Vampire Hunter, No 9), their preferences would shift toward 'Undead and Unwed (Queen Betsy, Book 1)'. Specifically, <EXPLAIN_POS>","""USER"" would likely enjoy the series for its unique blend of mystery, romance, and supernatural elements.",near_miss
47,"This user is likely to enjoy books that explore philosophical reflections on life, relationships, and emotions, with a focus on personal growth and self-improvement. They are drawn to books that offer insights and solutions to common challenges in life and relationships, while also providing suspenseful and emotionally gripping storytelling.",1590,Collapse,Readers who are interested in the collapse of civilizations and the impact of environmental practices would enjoy this book.,6.36663818359375,6.392580032348633,0.025941848754882812,"[1266, 4755, 80]","['Down And Out In Paris And London (Modern Classics)', 'The Survivors Club: The Secrets and Science that Could Save Your Life', 'Stumbling on Happiness']","[""Readers who enjoy Orwell's social and political commentary would appreciate 'Down And Out In Paris And London'"", 'Readers who are interested in stories of survival and the science behind it would enjoy this book.', 'Users who are interested in exploring the concept of happiness and factors that contribute to it would enjoy this book.']",0.05,7,6.483181953430176,"<s>[INST] <<SYS>>
You are a logic engine. Your goal is to explain how the BRIDGE BOOKS prove that the TARGET BOOK fits the USER PROFILE.
<</SYS>>

USER PROFILE: This user is likely to enjoy books that explore philosophical reflections on life, relationships, and emotions, with a focus on personal growth and self-improvement. They are drawn to books that offer insights and solutions to common challenges in life and relationships, while also providing suspenseful and emotionally gripping storytelling.
TARGET: Collapse (Readers who are interested in the collapse of civilizations and the impact of environmental practices would enjoy this book.)
BRIDGES:
- Down And Out In Paris And London (Modern Classics): Readers who enjoy Orwell's social and political commentary would appreciate 'Down And Out In Paris And London'
- The Survivors Club: The Secrets and Science that Could Save Your Life: Readers who are interested in stories of survival and the science behind it would enjoy this book.
- Stumbling on Happiness: Users who are interested in exploring the concept of happiness and factors that contribute to it would enjoy this book.
DATA: <USER_EMBED> <ITEM_EMBED>
[/INST] If the user explored Down And Out In Paris And London (Modern Classics), The Survivors Club: The Secrets and Science that Could Save Your Life, Stumbling on Happiness, their preferences would shift toward 'Collapse'. Specifically, <EXPLAIN_POS>","the user's interest in exploring philosophical reflections on life, relationships, and emotions would be better served by ""Collapse"" than other books they mentioned.",near_miss
48,"The user is likely to enjoy historical non-fiction books, particularly those focused on significant events in American history such as the Mayflower voyage and the King Phillip war. They also enjoy historical fiction books with a focus on war, such as The Winds of War. Additionally, the user is interested in military and naval warfare stories, as demonstrated by their enjoyment of Torpedo: A Surface Warfare Thriller. Lastly, the user would appreciate biographies, specifically those that explore the true story of historical figures like Cleopatra.",262,To Kill a Mockingbird,Readers who enjoy thought-provoking and socially relevant stories would appreciate 'To Kill a Mockingbird'.,10.203445434570312,10.342326164245605,0.13888072967529297,"[1292, 1761, 2788]","['Cannery Row', 'Life of Pi', 'Lonesome Dove']","['Fans of dark humor and insightful social commentary would enjoy Cannery Row by John Steinbeck.', ""Adventure enthusiasts and readers with an interest in spirituality would enjoy 'Life of Pi' by Yann Martel. The book explores themes of survival and faith through the captivating story of 16-year-old Pi Patel's journey on a lifeboat with a Bengal tiger. It offers a magical and thought-provoking reading experience."", ""Fans of Western fiction and epic adventures in the American frontier will enjoy 'Lonesome Dove'.""]",0.05,10,10.357629776000977,"<s>[INST] <<SYS>>
You are a logic engine. Your goal is to explain how the BRIDGE BOOKS prove that the TARGET BOOK fits the USER PROFILE.
<</SYS>>

USER PROFILE: The user is likely to enjoy historical non-fiction books, particularly those focused on significant events in American history such as the Mayflower voyage and the King Phillip war. They also enjoy historical fiction books with a focus on war, such as The Winds of War. Additionally, the user is interested in military and naval warfare stories, as demonstrated by their enjoyment of Torpedo: A Surface Warfare Thriller. Lastly, the user would appreciate biographies, specifically those that explore the true story of historical figures like Cleopatra.
TARGET: To Kill a Mockingbird (Readers who enjoy thought-provoking and socially relevant stories would appreciate 'To Kill a Mockingbird'.)
BRIDGES:
- Cannery Row: Fans of dark humor and insightful social commentary would enjoy Cannery Row by John Steinbeck.
- Life of Pi: Adventure enthusiasts and readers with an interest in spirituality would enjoy 'Life of Pi' by Yann Martel. The book explores themes of survival and faith through the captivating story of 16-year-old Pi Patel's journey on a lifeboat with a Bengal tiger. It offers a magical and thought-provoking reading experience.
- Lonesome Dove: Fans of Western fiction and epic adventures in the American frontier will enjoy 'Lonesome Dove'.
DATA: <USER_EMBED> <ITEM_EMBED>
[/INST] If the user explored Cannery Row, Life of Pi, Lonesome Dove, their preferences would shift toward 'To Kill a Mockingbird'. Specifically, <EXPLAIN_POS>","10-year-olds who enjoy historical nonfiction, war stories with a focus on the Mayflower voyage and King Phillip's War would appreciate this book.",near_miss
49,"This user is likely to enjoy books that delve into philosophical and spiritual themes, explore the connection between humanity and nature, and promote introspection and self-reflection.",1261,Night: With Connected Readings,"Users who enjoy deep and thought-provoking literature, particularly those interested in exploring the depths of human suffering and the power of resilience, would appreciate this book. It is also suitable for readers who appreciate connected readings that offer different perspectives on the same theme.",9.263052940368652,9.421497344970703,0.15844440460205078,"[4745, 1349, 12]","['Rich Dad Poor Dad (What the Rich Teach Their Kids About Money - That the Poor and Middle Class Do Not!)', 'Bleak House', ""Love's Labour's Lost: Performed by Derek Jacobi, Geraldine McEwan &amp; Cast""]","['Users who want to improve their personal finance knowledge and learn about a different perspective on wealth would enjoy this book.', 'Fans of classic literature and historical fiction would enjoy Bleak House.', ""Fans of Shakespearean plays and literary enthusiasts would enjoy Love's Labour's Lost: Performed by Derek Jacobi, Geraldine McEwan &amp; Cast.""]",0.1,10,9.552461624145508,"<s>[INST] <<SYS>>
You are a logic engine. Your goal is to explain how the BRIDGE BOOKS prove that the TARGET BOOK fits the USER PROFILE.
<</SYS>>

USER PROFILE: This user is likely to enjoy books that delve into philosophical and spiritual themes, explore the connection between humanity and nature, and promote introspection and self-reflection.
TARGET: Night: With Connected Readings (Users who enjoy deep and thought-provoking literature, particularly those interested in exploring the depths of human suffering and the power of resilience, would appreciate this book. It is also suitable for readers who appreciate connected readings that offer different perspectives on the same theme.)
BRIDGES:
- Rich Dad Poor Dad (What the Rich Teach Their Kids About Money - That the Poor and Middle Class Do Not!): Users who want to improve their personal finance knowledge and learn about a different perspective on wealth would enjoy this book.
- Bleak House: Fans of classic literature and historical fiction would enjoy Bleak House.
- Love's Labour's Lost: Performed by Derek Jacobi, Geraldine McEwan &amp; Cast: Fans of Shakespearean plays and literary enthusiasts would enjoy Love's Labour's Lost: Performed by Derek Jacobi, Geraldine McEwan &amp; Cast.
DATA: <USER_EMBED> <ITEM_EMBED>
[/INST] If the user explored Rich Dad Poor Dad (What the Rich Teach Their Kids About Money - That the Poor and Middle Class Do Not!), Bleak House, Love's Labour's Lost: Performed by Derek Jacobi, Geraldine McEwan &amp; Cast, their preferences would shift toward 'Night: With Connected Readings'. Specifically, <EXPLAIN_POS>","The user's review of ""Night"" suggests that it is a powerful and thought-provoking book, but they express disappointment with the lackluster reading experience. The recommendation to try other books by Elie Wiesel or Night: With Connected Readings may be more suitable for those looking for similar works.",near_miss
50,"This user is likely to enjoy books that explore and critique aspects of society. They enjoy books that provide insights into the food industry, encourage self-reflection, and delve into the decay and self-destruction of society. The user appreciates realistic characters, struggles, and growth, and values books that spark reflection and stir emotions. They are drawn to dark and gritty literary fiction with a focus on working class characters.",1261,Night: With Connected Readings,"Users who enjoy deep and thought-provoking literature, particularly those interested in exploring the depths of human suffering and the power of resilience, would appreciate this book. It is also suitable for readers who appreciate connected readings that offer different perspectives on the same theme.",10.243791580200195,10.263792037963867,0.020000457763671875,"[14914, 1325, 15185]","[' Books"" />', 'High Fidelity', 'Night']","['This book would be enjoyed by users who prefer well-preserved books without any markings or damage.', 'Young adults or music enthusiasts would enjoy this book as it explores themes of self-discovery, love, and music. ', 'Users who enjoy purchasing used books from the US and are okay with potential wear and tear, highlighting/notes, and lack of companion materials may enjoy this book.']",0.05,10,10.295547485351562,"<s>[INST] <<SYS>>
You are a logic engine. Your goal is to explain how the BRIDGE BOOKS prove that the TARGET BOOK fits the USER PROFILE.
<</SYS>>

USER PROFILE: This user is likely to enjoy books that explore and critique aspects of society. They enjoy books that provide insights into the food industry, encourage self-reflection, and delve into the decay and self-destruction of society. The user appreciates realistic characters, struggles, and growth, and values books that spark reflection and stir emotions. They are drawn to dark and gritty literary fiction with a focus on working class characters.
TARGET: Night: With Connected Readings (Users who enjoy deep and thought-provoking literature, particularly those interested in exploring the depths of human suffering and the power of resilience, would appreciate this book. It is also suitable for readers who appreciate connected readings that offer different perspectives on the same theme.)
BRIDGES:
-  Books"" />: This book would be enjoyed by users who prefer well-preserved books without any markings or damage.
- High Fidelity: Young adults or music enthusiasts would enjoy this book as it explores themes of self-discovery, love, and music. 
- Night: Users who enjoy purchasing used books from the US and are okay with potential wear and tear, highlighting/notes, and lack of companion materials may enjoy this book.
DATA: <USER_EMBED> <ITEM_EMBED>
[/INST] If the user explored  Books"" />, High Fidelity, Night, their preferences would shift toward 'Night: With Connected Readings'. Specifically, <EXPLAIN_POS>","""Night"" would be their top choice, as it aligns with the user's interest in exploring human suffering and resilience. The user profile suggests that they enjoy deep literature with a focus on working-class characters.",near_miss
51,"Based on the user's purchased books and reviews, this user is likely to enjoy novels that involve murder mysteries, courtroom dramas, complex human relationships, and historical events such as the Russian Revolution. The user also appreciates books with elements of magic, romance, Irish folklore, and strong character development. Additionally, the user enjoys heartwarming stories with a touch of romance and family dynamics.",7017,Welcome to Last Chance: A Novel (A Place to Call Home) (Volume 1),Users who enjoy heartwarming stories about small-town life with quirky characters and a touch of romance would enjoy 'Welcome to Last Chance',11.545337677001953,11.790003776550293,0.24466609954833984,"[6412, 6089, 6637]","['Larkspur Cove (Moses Lake, Book 1)', ""Waiting for Summer's Return (Waiting for Summer's Return Series #1)"", 'Angels Watching over Me (Shenandoah Sisters #1)']","[""Fans of heartwarming contemporary romance novels with a touch of suspense would enjoy 'Larkspur Cove (Moses Lake, Book 1)' by Lisa Wingate."", ""Fans of historical romance and stories with strong female protagonists would enjoy Waiting for Summer's Return. The book explores themes of grief, resilience, and second chances, making it appealing to readers who appreciate emotional depth in their romance novels. The Mennonite community setting adds a unique and culturally rich backdrop to the story. The book also has elements of family and father-son relationships, which may resonate with readers looking for heartwarming family dynamics. Ultimately, this book will appeal to those who enjoy heartfelt and uplifting historical romance with well-developed characters."", 'Christian readers who enjoy fiction with strong religious themes and values would likely enjoy Angels Watching over Me (Shenandoah Sisters #1).']",0.1,8,11.432589530944824,"<s>[INST] <<SYS>>
You are a logic engine. Your goal is to explain how the BRIDGE BOOKS prove that the TARGET BOOK fits the USER PROFILE.
<</SYS>>

USER PROFILE: Based on the user's purchased books and reviews, this user is likely to enjoy novels that involve murder mysteries, courtroom dramas, complex human relationships, and historical events such as the Russian Revolution. The user also appreciates books with elements of magic, romance, Irish folklore, and strong character development. Additionally, the user enjoys heartwarming stories with a touch of romance and family dynamics.
TARGET: Welcome to Last Chance: A Novel (A Place to Call Home) (Volume 1) (Users who enjoy heartwarming stories about small-town life with quirky characters and a touch of romance would enjoy 'Welcome to Last Chance')
BRIDGES:
- Larkspur Cove (Moses Lake, Book 1): Fans of heartwarming contemporary romance novels with a touch of suspense would enjoy 'Larkspur Cove (Moses Lake, Book 1)' by Lisa Wingate.
- Waiting for Summer's Return (Waiting for Summer's Return Series #1): Fans of historical romance and stories with strong female protagonists would enjoy Waiting for Summer's Return. The book explores themes of grief, resilience, and second chances, making it appealing to readers who appreciate emotional depth in their romance novels. The Mennonite community setting adds a unique and culturally rich backdrop to the story. The book also has elements of family and father-son relationships, which may resonate with readers looking for heartwarming family dynamics. Ultimately, this book will appeal to those who enjoy heartfelt and uplifting historical romance with well-developed characters.
- Angels Watching over Me (Shenandoah Sisters #1): Christian readers who enjoy fiction with strong religious themes and values would likely enjoy Angels Watching over Me (Shenandoah Sisters #1).
DATA: <USER_EMBED> <ITEM_EMBED>
[/INST] If the user explored Larkspur Cove (Moses Lake, Book 1), Waiting for Summer's Return (Waiting for Summer's Return Series #1), Angels Watching over Me (Shenandoah Sisters #1), their preferences would shift toward 'Welcome to Last Chance: A Novel (A Place to Call Home) (Volume 1)'. Specifically, <EXPLAIN_POS>","The user's preference for novels involving murder mysteries, courtroom dramas and historical events would not be satisfied by ""Welcome to Last Chance.""",near_miss
52,"{""summarization"": ""Based on the user's purchases and reviews, this user is likely to enjoy books that fall into three main categories: 

1. Politics and Decision Making: The user has enjoyed books like 'Duty: Memoirs of a Secretary at War', which offer firsthand accounts of major decisions made in Washington. This suggests an interest in understanding politics and policy-making processes.

2. Legal Thrillers and Action: The user has expressed enjoyment of 'Gray Mountain' and 'Act Of War', indicating a preference for fast-paced, action-packed novels and legal thrillers.

3. Historical Fiction and Epic Storytelling: The user's positive review of 'Centennial' suggests an appreciation for in-depth exploration of specific time periods and themes that still resonate today.

Overall, the user seems to be drawn to books that offer a combination of political insights, thrilling action, and historical depth."",

""reasoning"": ""The user has provided positive reviews for books that fall into these categories, highlighting their enjoyment of the themes and storytelling styles. Additionally, the user's description of 'Duty: Memoirs of a Secretary at War' indicates an interest in politics and decision-making processes. By considering these factors, we can conclude that the user is likely to enjoy books that encompass these three main categories.""}",3570,The Kill Artist,Fans of espionage and political thrillers would enjoy The Kill Artist.,7.4898881912231445,7.49727201461792,0.007383823394775391,"[4695, 1384, 1402]","['Spencerville', 'The Messenger (Uk Edition)', 'Prince of Fire']","['Fans of suspenseful novels with a blend of romance and action would enjoy this book.', 'This book may appeal to readers who enjoy new releases and are seeking a satisfying reading experience.', 'Users who are interested in purchasing this specific edition of the book will enjoy Prince of Fire.']",0.05,10,7.653122425079346,"<s>[INST] <<SYS>>
You are a logic engine. Your goal is to explain how the BRIDGE BOOKS prove that the TARGET BOOK fits the USER PROFILE.
<</SYS>>

USER PROFILE: {""summarization"": ""Based on the user's purchases and reviews, this user is likely to enjoy books that fall into three main categories: 

1. Politics and Decision Making: The user has enjoyed books like 'Duty: Memoirs of a Secretary at War', which offer firsthand accounts of major decisions made in Washington. This suggests an interest in understanding politics and policy-making processes.

2. Legal Thrillers and Action: The user has expressed enjoyment of 'Gray Mountain' and 'Act Of War', indicating a preference for fast-paced, action-packed novels and legal thrillers.

3. Historical Fiction and Epic Storytelling: The user's positive review of 'Centennial' suggests an appreciation for in-depth exploration of specific time periods and themes that still resonate today.

Overall, the user seems to be drawn to books that offer a combination of political insights, thrilling action, and historical depth."",

""reasoning"": ""The user has provided positive reviews for books that fall into these categories, highlighting their enjoyment of the themes and storytelling styles. Additionally, the user's description of 'Duty: Memoirs of a Secretary at War' indicates an interest in politics and decision-making processes. By considering these factors, we can conclude that the user is likely to enjoy books that encompass these three main categories.""}
TARGET: The Kill Artist (Fans of espionage and political thrillers would enjoy The Kill Artist.)
BRIDGES:
- Spencerville: Fans of suspenseful novels with a blend of romance and action would enjoy this book.
- The Messenger (Uk Edition): This book may appeal to readers who enjoy new releases and are seeking a satisfying reading experience.
- Prince of Fire: Users who are interested in purchasing this specific edition of the book will enjoy Prince of Fire.
DATA: <USER_EMBED> <ITEM_EMBED>
[/INST] If the user explored Spencerville, The Messenger (Uk Edition), Prince of Fire, their preferences would shift toward 'The Kill Artist'. Specifically, <EXPLAIN_POS>","10% of the user's preferences would shift toward 'The Kill Artist'. The new book is recommended by a different publisher, and it has been published recently.

However, if you are interested in exploring other books that fit your profile, ""Gray Mountain"" or ""Act Of War"" may be worth considering based on their positive reviews from users with similar interests.",near_miss
53,"This user is likely to enjoy historical fiction, books about World War II, and humorous and chaotic adventures with complex characters.",5369,A Spy Among Friends: Kim Philby and the Great Betrayal,"Fans of espionage and spy thrillers, as well as those interested in Cold War history and the world of intelligence, would enjoy this book. The book offers a fascinating account of the life of Kim Philby, a British double agent, and explores themes of friendship, betrayal, and deceit. It is filled with suspense and has been praised for its storytelling and narrative style.",8.047639846801758,8.141129493713379,0.0934896469116211,"[2151, 302, 1597]","['Duty: Memoirs of a Secretary at War', ""Manhunt: The 12-Day Chase for Lincoln's Killer (P.S.)"", 'Fiasco: The American Military Adventure in Iraq']","[""This book would appeal to history buffs, policy wonks, and individuals interested in understanding decision making and politics in Washington. It offers a firsthand account of the major decisions made from 2006 to 2011 during the author's time as Secretary of Defense. Readers will gain insight into the wars in Iraq and Afghanistan, as well as the management styles of Presidents George W. Bush and Barack Obama. The book also provides a comprehensive examination of the modern ways of making politics, policy, and war, making it a valuable read for students of these subjects."", 'This book would be enjoyed by history buffs, true crime enthusiasts, and fans of thrilling narratives.', ""Readers interested in understanding the failures and complexities of the American military's involvement in Iraq would appreciate this book.""]",0.05,10,8.116637229919434,"<s>[INST] <<SYS>>
You are a logic engine. Your goal is to explain how the BRIDGE BOOKS prove that the TARGET BOOK fits the USER PROFILE.
<</SYS>>

USER PROFILE: This user is likely to enjoy historical fiction, books about World War II, and humorous and chaotic adventures with complex characters.
TARGET: A Spy Among Friends: Kim Philby and the Great Betrayal (Fans of espionage and spy thrillers, as well as those interested in Cold War history and the world of intelligence, would enjoy this book. The book offers a fascinating account of the life of Kim Philby, a British double agent, and explores themes of friendship, betrayal, and deceit. It is filled with suspense and has been praised for its storytelling and narrative style.)
BRIDGES:
- Duty: Memoirs of a Secretary at War: This book would appeal to history buffs, policy wonks, and individuals interested in understanding decision making and politics in Washington. It offers a firsthand account of the major decisions made from 2006 to 2011 during the author's time as Secretary of Defense. Readers will gain insight into the wars in Iraq and Afghanistan, as well as the management styles of Presidents George W. Bush and Barack Obama. The book also provides a comprehensive examination of the modern ways of making politics, policy, and war, making it a valuable read for students of these subjects.
- Manhunt: The 12-Day Chase for Lincoln's Killer (P.S.): This book would be enjoyed by history buffs, true crime enthusiasts, and fans of thrilling narratives.
- Fiasco: The American Military Adventure in Iraq: Readers interested in understanding the failures and complexities of the American military's involvement in Iraq would appreciate this book.
DATA: <USER_EMBED> <ITEM_EMBED>
[/INST] If the user explored Duty: Memoirs of a Secretary at War, Manhunt: The 12-Day Chase for Lincoln's Killer (P.S.), Fiasco: The American Military Adventure in Iraq, their preferences would shift toward 'A Spy Among Friends: Kim Philby and the Great Betrayal'. Specifically, <EXPLAIN_POS>","the user would appreciate the book's focus on historical espionage and intrigue, as well as its exploration of complex characters like Kim Philby. The BRIDGES books mentioned by the user provide additional context for readers interested in these topics.",near_miss
54,"This user is likely to enjoy historical fiction books, particularly those set during World War II. They also enjoy emotional and thought-provoking literature, especially stories of love, loss, and moral dilemmas. Fans of Southern literature and heartwarming stories would also appeal to them.",3002,I Know Why the Caged Bird Sings,Readers who appreciate autobiographical stories and powerful writing will enjoy 'I Know Why the Caged Bird Sings'.,8.56429672241211,8.598769187927246,0.03447246551513672,"[5779, 3841, 134]","['PAY IT FORWARD: A Novel', 'Being Mortal', 'The Story Of Edgar Sawtelle']","['Readers who enjoy heartwarming stories of kindness, hope, and the power of human connection would enjoy this book.', 'Being Mortal would be enjoyed by users interested in exploring the intersection of medicine and mortality, and those seeking a deeper understanding of end-of-life care.', ""Fans of family sagas and coming-of-age stories with a touch of mystery will enjoy 'The Story Of Edgar Sawtelle'.""]",0.2,10,9.190054893493652,"<s>[INST] <<SYS>>
You are a logic engine. Your goal is to explain how the BRIDGE BOOKS prove that the TARGET BOOK fits the USER PROFILE.
<</SYS>>

USER PROFILE: This user is likely to enjoy historical fiction books, particularly those set during World War II. They also enjoy emotional and thought-provoking literature, especially stories of love, loss, and moral dilemmas. Fans of Southern literature and heartwarming stories would also appeal to them.
TARGET: I Know Why the Caged Bird Sings (Readers who appreciate autobiographical stories and powerful writing will enjoy 'I Know Why the Caged Bird Sings'.)
BRIDGES:
- PAY IT FORWARD: A Novel: Readers who enjoy heartwarming stories of kindness, hope, and the power of human connection would enjoy this book.
- Being Mortal: Being Mortal would be enjoyed by users interested in exploring the intersection of medicine and mortality, and those seeking a deeper understanding of end-of-life care.
- The Story Of Edgar Sawtelle: Fans of family sagas and coming-of-age stories with a touch of mystery will enjoy 'The Story Of Edgar Sawtelle'.
DATA: <USER_EMBED> <ITEM_EMBED>
[/INST] If the user explored PAY IT FORWARD: A Novel, Being Mortal, The Story Of Edgar Sawtelle, their preferences would shift toward 'I Know Why the Caged Bird Sings'. Specifically, <EXPLAIN_POS>","""I Know Why the Caged Bird Sings"" would be a good fit for someone who enjoys autobiographical stories and powerful writing, while being interested in exploring themes of love, loss, moral dilemmas, family sagas with mystery elements. The user may find these books appealing if they enjoy emotional or thought-provoking literature.",near_miss
55,"This user is likely to enjoy mystery and thriller novels with a strong narrative and gripping plots. They also seem to enjoy books with a political undertone and a touch of realism. Additionally, they appreciate fast-paced stories with humorous twists.",2840,Zero Day (John Puller series),Fans of action-packed thrillers with a military protagonist would enjoy 'Zero Day' by David Baldacci.,11.802083969116211,11.868247985839844,0.06616401672363281,"[319, 5552, 7705]","['Dead Wrong (Joanna Brady Mysteries, Book 12)', 'A Desperate Place for Dying: A Garrison Gage Mystery', 'Those Who Dare (Raiding Forces) (Volume 1)']","[""Fans of suspenseful and action-packed mysteries with credible and entertaining storylines will enjoy 'Dead Wrong (Joanna Brady Mysteries, Book 12)' by J.A. Jance."", 'Fans of mystery and crime novels would enjoy A Desperate Place for Dying: A Garrison Gage Mystery.', 'Those Who Dare (Raiding Forces) (Volume 1) would be enjoyed by military and history enthusiasts.']",0.15,8,11.569740295410156,"<s>[INST] <<SYS>>
You are a logic engine. Your goal is to explain how the BRIDGE BOOKS prove that the TARGET BOOK fits the USER PROFILE.
<</SYS>>

USER PROFILE: This user is likely to enjoy mystery and thriller novels with a strong narrative and gripping plots. They also seem to enjoy books with a political undertone and a touch of realism. Additionally, they appreciate fast-paced stories with humorous twists.
TARGET: Zero Day (John Puller series) (Fans of action-packed thrillers with a military protagonist would enjoy 'Zero Day' by David Baldacci.)
BRIDGES:
- Dead Wrong (Joanna Brady Mysteries, Book 12): Fans of suspenseful and action-packed mysteries with credible and entertaining storylines will enjoy 'Dead Wrong (Joanna Brady Mysteries, Book 12)' by J.A. Jance.
- A Desperate Place for Dying: A Garrison Gage Mystery: Fans of mystery and crime novels would enjoy A Desperate Place for Dying: A Garrison Gage Mystery.
- Those Who Dare (Raiding Forces) (Volume 1): Those Who Dare (Raiding Forces) (Volume 1) would be enjoyed by military and history enthusiasts.
DATA: <USER_EMBED> <ITEM_EMBED>
[/INST] If the user explored Dead Wrong (Joanna Brady Mysteries, Book 12), A Desperate Place for Dying: A Garrison Gage Mystery, Those Who Dare (Raiding Forces) (Volume 1), their preferences would shift toward 'Zero Day (John Puller series)'. Specifically, <EXPLAIN_POS>","The user's preferences would shift toward ""Zero Day (John Puller series)"" if they explored Dead Wrong, A Desperate Place for Dying: A Garrison Gage Mystery and Those Who Dare. The BRIDGE books provide valuable insights into the reader's tastes in mystery novels with a strong narrative and gripping plots.",near_miss
56,"This user is likely to enjoy historical fiction, classic adventure novels with intricate plots and compelling characters, cozy mysteries with elements of satire and humor, and books set in historical periods.",3722,The Guernsey Literary and Potato Peel Pie Society,"The Guernsey Literary and Potato Peel Pie Society would be enjoyed by avid readers who appreciate books about love, friendship, and the power of literature. It appeals to those who enjoy historical fiction and stories set in a charming and idyllic setting. The book is heartfelt, witty, and often considered a small masterpiece.",8.538044929504395,8.556611061096191,0.018566131591796875,"[414, 1967, 2136]","['Kitchen Confidential Updated Edition: Adventures in the Culinary Underbelly (P.S.)', 'The Reader (Movie Tie-in Edition) (Vintage International)', 'Snow Flower and the Secret Fan: A Novel']","['Food enthusiasts, aspiring chefs, and fans of behind-the-scenes stories would enjoy this book.', '""The Reader"" is a novel that would appeal to readers who appreciate beautifully written and morally complex stories with elements of suspense and eroticism.', ""Readers who enjoy historical and culturally immersive fiction will be captivated by Snow Flower and the Secret Fan. The book offers a mesmerizing glimpse into a secret civilization of women in China, providing a rich portrayal of a character and culture unlike our own. The storytelling is hauntingly beautiful and engrossing, with well-developed characters and friendships that will resonate with readers. Fans of Amy Tan and Arthur Golden's works will especially appreciate this novel.""]",0.05,9,8.753315925598145,"<s>[INST] <<SYS>>
You are a logic engine. Your goal is to explain how the BRIDGE BOOKS prove that the TARGET BOOK fits the USER PROFILE.
<</SYS>>

USER PROFILE: This user is likely to enjoy historical fiction, classic adventure novels with intricate plots and compelling characters, cozy mysteries with elements of satire and humor, and books set in historical periods.
TARGET: The Guernsey Literary and Potato Peel Pie Society (The Guernsey Literary and Potato Peel Pie Society would be enjoyed by avid readers who appreciate books about love, friendship, and the power of literature. It appeals to those who enjoy historical fiction and stories set in a charming and idyllic setting. The book is heartfelt, witty, and often considered a small masterpiece.)
BRIDGES:
- Kitchen Confidential Updated Edition: Adventures in the Culinary Underbelly (P.S.): Food enthusiasts, aspiring chefs, and fans of behind-the-scenes stories would enjoy this book.
- The Reader (Movie Tie-in Edition) (Vintage International): ""The Reader"" is a novel that would appeal to readers who appreciate beautifully written and morally complex stories with elements of suspense and eroticism.
- Snow Flower and the Secret Fan: A Novel: Readers who enjoy historical and culturally immersive fiction will be captivated by Snow Flower and the Secret Fan. The book offers a mesmerizing glimpse into a secret civilization of women in China, providing a rich portrayal of a character and culture unlike our own. The storytelling is hauntingly beautiful and engrossing, with well-developed characters and friendships that will resonate with readers. Fans of Amy Tan and Arthur Golden's works will especially appreciate this novel.
DATA: <USER_EMBED> <ITEM_EMBED>
[/INST] If the user explored Kitchen Confidential Updated Edition: Adventures in the Culinary Underbelly (P.S.), The Reader (Movie Tie-in Edition) (Vintage International), Snow Flower and the Secret Fan: A Novel, their preferences would shift toward 'The Guernsey Literary and Potato Peel Pie Society'. Specifically, <EXPLAIN_POS>","the user's interest in historical fiction, classic adventure novels with intricate plots and compelling characters, cozy mysteries with elements of satire and humor, and books set in historical periods would align well with the target book ""The Guernsey Literary and Potato Peel Pie Society.""",near_miss
57,"Based on the user's reviews and ratings, it is likely that this user enjoys books with personal memoirs and self-reflective stories, introspective and psychologically complex narratives, exploration of memory techniques and neuroscience, and historical and scholarly perspectives on religious figures.",1713,City of Thieves: A Novel,Fans of historical fiction and adventure stories would enjoy City of Thieves.,14.943392753601074,15.021758079528809,0.07836532592773438,"[1825, 5767, 3594]","['The Undoing Project: A Friendship that Changed the World', 'Suite Francaise', 'The Life and Times of the Thunderbolt Kid: A Memoir (Random House Large Print)']","['The Undoing Project would appeal to users interested in behavioral economics, psychology, and the intersection of academia and real life.', ""Fans of historical fiction and World War II novels will enjoy Suite Francaise. The book provides a unique and resonant picture of France during its occupation, with exceptional literary quality. It offers a powerful denunciation of hypocrisy and greed, and explores the low aspects of human nature. Nmirovsky's biting sentences and vivid descriptions create fearlessly intense scenes that give no respite to the characters. The book is a necessary rediscovery in French literature, with a bee-hive structure that takes readers on a captivating flight through social classes, genders, and generations."", ""Baby Boomers nostalgic for the good old days and those who enjoy humorous and nostalgic memoirs would enjoy 'The Life and Times of the Thunderbolt Kid'.""]",0.15,9,14.339677810668945,"<s>[INST] <<SYS>>
You are a logic engine. Your goal is to explain how the BRIDGE BOOKS prove that the TARGET BOOK fits the USER PROFILE.
<</SYS>>

USER PROFILE: Based on the user's reviews and ratings, it is likely that this user enjoys books with personal memoirs and self-reflective stories, introspective and psychologically complex narratives, exploration of memory techniques and neuroscience, and historical and scholarly perspectives on religious figures.
TARGET: City of Thieves: A Novel (Fans of historical fiction and adventure stories would enjoy City of Thieves.)
BRIDGES:
- The Undoing Project: A Friendship that Changed the World: The Undoing Project would appeal to users interested in behavioral economics, psychology, and the intersection of academia and real life.
- Suite Francaise: Fans of historical fiction and World War II novels will enjoy Suite Francaise. The book provides a unique and resonant picture of France during its occupation, with exceptional literary quality. It offers a powerful denunciation of hypocrisy and greed, and explores the low aspects of human nature. Nmirovsky's biting sentences and vivid descriptions create fearlessly intense scenes that give no respite to the characters. The book is a necessary rediscovery in French literature, with a bee-hive structure that takes readers on a captivating flight through social classes, genders, and generations.
- The Life and Times of the Thunderbolt Kid: A Memoir (Random House Large Print): Baby Boomers nostalgic for the good old days and those who enjoy humorous and nostalgic memoirs would enjoy 'The Life and Times of the Thunderbolt Kid'.
DATA: <USER_EMBED> <ITEM_EMBED>
[/INST] If the user explored The Undoing Project: A Friendship that Changed the World, Suite Francaise, The Life and Times of the Thunderbolt Kid: A Memoir (Random House Large Print), their preferences would shift toward 'City of Thieves: A Novel'. Specifically, <EXPLAIN_POS>","the user would enjoy City of Thieves because it offers a captivating story with memorable characters, and they appreciate its exploration of themes such as survival in war-torn Russia.",near_miss
58,"Based on the user's reviews and ratings, this user is likely to enjoy books that are philosophical, romantic, and include elements of mystery and small-town charm.",14587,Bed and Breakfast and Murder (Fiona Fleming Cozy Mysteries) (Volume 1),Fans of cozy mysteries and light-hearted crime fiction would enjoy this book.,7.769844055175781,7.793737888336182,0.02389383316040039,"[7498, 11904, 9787]","['Blackbird Fly (Bennett Sisters Mysteries)', 'item_11904', 'Moon Signs']","['Fans of literary suspense novels who appreciate rich character development and a vivid setting would enjoy Blackbird Fly.', 'Fans of cozy mystery novels will enjoy A Cereal Killer (A Sibyl Potts Cozy Mystery) (Volume 1).', 'Moon Signs would be enjoyed by readers who appreciate old-timey murder mysteries with well-developed characters and an intriguing plot. The absence of gratuitous sex and violence may also appeal to those who prefer a more refreshing and quaint writing style.']",0.05,8,7.874414920806885,"<s>[INST] <<SYS>>
You are a logic engine. Your goal is to explain how the BRIDGE BOOKS prove that the TARGET BOOK fits the USER PROFILE.
<</SYS>>

USER PROFILE: Based on the user's reviews and ratings, this user is likely to enjoy books that are philosophical, romantic, and include elements of mystery and small-town charm.
TARGET: Bed and Breakfast and Murder (Fiona Fleming Cozy Mysteries) (Volume 1) (Fans of cozy mysteries and light-hearted crime fiction would enjoy this book.)
BRIDGES:
- Blackbird Fly (Bennett Sisters Mysteries): Fans of literary suspense novels who appreciate rich character development and a vivid setting would enjoy Blackbird Fly.
- item_11904: Fans of cozy mystery novels will enjoy A Cereal Killer (A Sibyl Potts Cozy Mystery) (Volume 1).
- Moon Signs: Moon Signs would be enjoyed by readers who appreciate old-timey murder mysteries with well-developed characters and an intriguing plot. The absence of gratuitous sex and violence may also appeal to those who prefer a more refreshing and quaint writing style.
DATA: <USER_EMBED> <ITEM_EMBED>
[/INST] If the user explored Blackbird Fly (Bennett Sisters Mysteries), item_11904, Moon Signs, their preferences would shift toward 'Bed and Breakfast and Murder (Fiona Fleming Cozy Mysteries) (Volume 1)'. Specifically, <EXPLAIN_POS>","the user would enjoy the cozy mystery genre, and they might also appreciate other works by Fiona Fleming. The BRIDGES mentioned above could help connect them to these books.",near_miss
60,"Based on the user's purchased books and reviews, it seems that this user enjoys powerful and enthralling stories, historical fiction, self-discovery and career development books, as well as those focused on personal and professional growth.",3722,The Guernsey Literary and Potato Peel Pie Society,"The Guernsey Literary and Potato Peel Pie Society would be enjoyed by avid readers who appreciate books about love, friendship, and the power of literature. It appeals to those who enjoy historical fiction and stories set in a charming and idyllic setting. The book is heartfelt, witty, and often considered a small masterpiece.",10.02032470703125,10.028509140014648,0.008184432983398438,"[1967, 5767, 782]","['The Reader (Movie Tie-in Edition) (Vintage International)', 'Suite Francaise', 'The Moonstone: A Novel']","['""The Reader"" is a novel that would appeal to readers who appreciate beautifully written and morally complex stories with elements of suspense and eroticism.', ""Fans of historical fiction and World War II novels will enjoy Suite Francaise. The book provides a unique and resonant picture of France during its occupation, with exceptional literary quality. It offers a powerful denunciation of hypocrisy and greed, and explores the low aspects of human nature. Nmirovsky's biting sentences and vivid descriptions create fearlessly intense scenes that give no respite to the characters. The book is a necessary rediscovery in French literature, with a bee-hive structure that takes readers on a captivating flight through social classes, genders, and generations."", 'Fans of classic detective novels and mystery enthusiasts would enjoy The Moonstone: A Novel.']",0.05,10,10.134031295776367,"<s>[INST] <<SYS>>
You are a logic engine. Your goal is to explain how the BRIDGE BOOKS prove that the TARGET BOOK fits the USER PROFILE.
<</SYS>>

USER PROFILE: Based on the user's purchased books and reviews, it seems that this user enjoys powerful and enthralling stories, historical fiction, self-discovery and career development books, as well as those focused on personal and professional growth.
TARGET: The Guernsey Literary and Potato Peel Pie Society (The Guernsey Literary and Potato Peel Pie Society would be enjoyed by avid readers who appreciate books about love, friendship, and the power of literature. It appeals to those who enjoy historical fiction and stories set in a charming and idyllic setting. The book is heartfelt, witty, and often considered a small masterpiece.)
BRIDGES:
- The Reader (Movie Tie-in Edition) (Vintage International): ""The Reader"" is a novel that would appeal to readers who appreciate beautifully written and morally complex stories with elements of suspense and eroticism.
- Suite Francaise: Fans of historical fiction and World War II novels will enjoy Suite Francaise. The book provides a unique and resonant picture of France during its occupation, with exceptional literary quality. It offers a powerful denunciation of hypocrisy and greed, and explores the low aspects of human nature. Nmirovsky's biting sentences and vivid descriptions create fearlessly intense scenes that give no respite to the characters. The book is a necessary rediscovery in French literature, with a bee-hive structure that takes readers on a captivating flight through social classes, genders, and generations.
- The Moonstone: A Novel: Fans of classic detective novels and mystery enthusiasts would enjoy The Moonstone: A Novel.
DATA: <USER_EMBED> <ITEM_EMBED>
[/INST] If the user explored The Reader (Movie Tie-in Edition) (Vintage International), Suite Francaise, The Moonstone: A Novel, their preferences would shift toward 'The Guernsey Literary and Potato Peel Pie Society'. Specifically, <EXPLAIN_POS>","The user's enjoyment of the book may be attributed to its engaging storyline, well-developed characters, and captivating writing style. The review also highlights the author's skill in creating a sense of place through vivid descriptions.",near_miss
61,"This user is likely to enjoy classic literature, Gothic romance, mystery novels, and philosophical reflections on life. They also appreciate books with historical romance and a unique take on crime.",1408,War Brides,"War Brides is a book that would appeal to fans of historical fiction and stories about women during wartime. It follows the lives of five diverse women living in a sleepy village in England during World War II. The book explores themes of love, friendship, and resilience as the women navigate the challenges and dangers of war.",8.950307846069336,8.951715469360352,0.001407623291015625,"[8053, 12400, 584]","['Out on a Limb: A Smoky Mountain Mystery', 'Dare Me', 'Dear Cary: My Life with Cary Grant']","[""Fans of bestselling mystery novels with elements of humor and adventure would enjoy 'Out on a Limb: A Smoky Mountain Mystery'."", 'Fans of romance novels with intense emotional journeys and complex characters will enjoy Dare Me.', 'Fans of classic Hollywood movies and biographies would enjoy this book.']",0.05,10,8.73382568359375,"<s>[INST] <<SYS>>
You are a logic engine. Your goal is to explain how the BRIDGE BOOKS prove that the TARGET BOOK fits the USER PROFILE.
<</SYS>>

USER PROFILE: This user is likely to enjoy classic literature, Gothic romance, mystery novels, and philosophical reflections on life. They also appreciate books with historical romance and a unique take on crime.
TARGET: War Brides (War Brides is a book that would appeal to fans of historical fiction and stories about women during wartime. It follows the lives of five diverse women living in a sleepy village in England during World War II. The book explores themes of love, friendship, and resilience as the women navigate the challenges and dangers of war.)
BRIDGES:
- Out on a Limb: A Smoky Mountain Mystery: Fans of bestselling mystery novels with elements of humor and adventure would enjoy 'Out on a Limb: A Smoky Mountain Mystery'.
- Dare Me: Fans of romance novels with intense emotional journeys and complex characters will enjoy Dare Me.
- Dear Cary: My Life with Cary Grant: Fans of classic Hollywood movies and biographies would enjoy this book.
DATA: <USER_EMBED> <ITEM_EMBED>
[/INST] If the user explored Out on a Limb: A Smoky Mountain Mystery, Dare Me, Dear Cary: My Life with Cary Grant, their preferences would shift toward 'War Brides'. Specifically, <EXPLAIN_POS>","""The BRIDGES"" series would appeal to users who enjoy historical fiction and stories about women during wartime, as well as fans of mystery novels with elements of humor. The user's preferences may change based on their exploration.",near_miss
62,"This user is likely to enjoy historical fiction books that are centered around significant events and have strong storytelling. They appreciate books that provide detailed accounts of historical periods and have a sense of urgency in each chapter. They also enjoy books that educate and shock them, bringing a dose of reality. Humorous and relatable coming-of-age stories are also appealing to them.",3255,The BOOK THIEF,"Book lovers, history enthusiasts, and those interested in World War II and the resilience of the human spirit would enjoy The Book Thief.",15.153701782226562,15.204801559448242,0.05109977722167969,"[744, 5474, 15165]","['The Orchardist: A Novel', 'Still Alice', 'One Thousand White Women by Fergus, Jim 1 edition (2007)']","['Fans of historical fiction and literary novels with poetic language and vivid descriptions will enjoy The Orchardist.', ""Users who are interested in understanding the experience of living with Alzheimer's disease would enjoy 'Still Alice'."", 'Readers who enjoy historical fiction novels and are interested in the pioneer era in America would enjoy this book.']",0.05,10,15.18603801727295,"<s>[INST] <<SYS>>
You are a logic engine. Your goal is to explain how the BRIDGE BOOKS prove that the TARGET BOOK fits the USER PROFILE.
<</SYS>>

USER PROFILE: This user is likely to enjoy historical fiction books that are centered around significant events and have strong storytelling. They appreciate books that provide detailed accounts of historical periods and have a sense of urgency in each chapter. They also enjoy books that educate and shock them, bringing a dose of reality. Humorous and relatable coming-of-age stories are also appealing to them.
TARGET: The BOOK THIEF (Book lovers, history enthusiasts, and those interested in World War II and the resilience of the human spirit would enjoy The Book Thief.)
BRIDGES:
- The Orchardist: A Novel: Fans of historical fiction and literary novels with poetic language and vivid descriptions will enjoy The Orchardist.
- Still Alice: Users who are interested in understanding the experience of living with Alzheimer's disease would enjoy 'Still Alice'.
- One Thousand White Women by Fergus, Jim 1 edition (2007): Readers who enjoy historical fiction novels and are interested in the pioneer era in America would enjoy this book.
DATA: <USER_EMBED> <ITEM_EMBED>
[/INST] If the user explored The Orchardist: A Novel, Still Alice, One Thousand White Women by Fergus, Jim 1 edition (2007), their preferences would shift toward 'The BOOK THIEF'. Specifically, <EXPLAIN_POS>","""The Book Thief"" and its historical context, the author's writing style, character development, plot twists, and themes of hope, love, loss, resilience, friendship, courage in adversity, war-time experiences, morality, human nature, and more would appeal to this user.",near_miss
63,"This user is likely to enjoy memoirs that are both poignant and suspenseful, true stories of underdogs conquering great challenges, heartwarming stories about friendship and small-town life, and humorous books about aging and showbiz.",1654,The Invention of Wings,Fans of historical fiction and stories about women's struggle for freedom and empowerment would enjoy The Invention of Wings.,10.977335929870605,11.0557861328125,0.07845020294189453,"[7329, 5252, 657]","['When Breath Becomes Air', 'Rosemary: The Hidden Kennedy Daughter', 'The Round House']","['This book would appeal to readers who are interested in medical memoirs and philosophical reflections on life and mortality.', 'Fans of biographies and those interested in the history of the Kennedy family would enjoy this book.', 'Readers who enjoy coming-of-age stories with themes of social injustice and the power of storytelling would appreciate The Round House.']",0.05,9,11.157167434692383,"<s>[INST] <<SYS>>
You are a logic engine. Your goal is to explain how the BRIDGE BOOKS prove that the TARGET BOOK fits the USER PROFILE.
<</SYS>>

USER PROFILE: This user is likely to enjoy memoirs that are both poignant and suspenseful, true stories of underdogs conquering great challenges, heartwarming stories about friendship and small-town life, and humorous books about aging and showbiz.
TARGET: The Invention of Wings (Fans of historical fiction and stories about women's struggle for freedom and empowerment would enjoy The Invention of Wings.)
BRIDGES:
- When Breath Becomes Air: This book would appeal to readers who are interested in medical memoirs and philosophical reflections on life and mortality.
- Rosemary: The Hidden Kennedy Daughter: Fans of biographies and those interested in the history of the Kennedy family would enjoy this book.
- The Round House: Readers who enjoy coming-of-age stories with themes of social injustice and the power of storytelling would appreciate The Round House.
DATA: <USER_EMBED> <ITEM_EMBED>
[/INST] If the user explored When Breath Becomes Air, Rosemary: The Hidden Kennedy Daughter, The Round House, their preferences would shift toward 'The Invention of Wings'. Specifically, <EXPLAIN_POS>","1) The user's preference for historical fiction and stories about women struggling with freedom would be satisfied by ""The Invention of Wings"". 2) Their interest in medical memoirs, philosophical reflections on life and mortality, coming-of-age themes related to social justice issues, storytelling power, and the Kennedy family might also lead them towards this book.",near_miss
64,"This user is likely to enjoy books that focus on personal narratives of wartime experiences, the oppression and empowerment of women worldwide, and inspiring stories of resilience, activism, and social justice. They appreciate books that shed light on the challenges faced by women in different cultures and time periods, and are interested in human rights and the well-being of children in Southeast Asia.",14611,Les Miserables (Grandes Novelas (Tomo)) (Spanish Edition),"Fans of Victor Hugo's romantic novels, especially those who can read Spanish, would enjoy this book.",10.130172729492188,10.272106170654297,0.14193344116210938,"[4755, 1635, 279]","['The Survivors Club: The Secrets and Science that Could Save Your Life', 'The Brain That Changes Itself: Stories of Personal Triumph from the Frontiers of Brain Science', 'Don Quixote']","['Readers who are interested in stories of survival and the science behind it would enjoy this book.', 'This book would appeal to individuals interested in the science of neuroplasticity and those seeking personal stories of triumph over neurological conditions. It is recommended for both scientific and popular audiences.', 'Literature enthusiasts and readers interested in classic works would enjoy Don Quixote.']",0.1,10,10.083730697631836,"<s>[INST] <<SYS>>
You are a logic engine. Your goal is to explain how the BRIDGE BOOKS prove that the TARGET BOOK fits the USER PROFILE.
<</SYS>>

USER PROFILE: This user is likely to enjoy books that focus on personal narratives of wartime experiences, the oppression and empowerment of women worldwide, and inspiring stories of resilience, activism, and social justice. They appreciate books that shed light on the challenges faced by women in different cultures and time periods, and are interested in human rights and the well-being of children in Southeast Asia.
TARGET: Les Miserables (Grandes Novelas (Tomo)) (Spanish Edition) (Fans of Victor Hugo's romantic novels, especially those who can read Spanish, would enjoy this book.)
BRIDGES:
- The Survivors Club: The Secrets and Science that Could Save Your Life: Readers who are interested in stories of survival and the science behind it would enjoy this book.
- The Brain That Changes Itself: Stories of Personal Triumph from the Frontiers of Brain Science: This book would appeal to individuals interested in the science of neuroplasticity and those seeking personal stories of triumph over neurological conditions. It is recommended for both scientific and popular audiences.
- Don Quixote: Literature enthusiasts and readers interested in classic works would enjoy Don Quixote.
DATA: <USER_EMBED> <ITEM_EMBED>
[/INST] If the user explored The Survivors Club: The Secrets and Science that Could Save Your Life, The Brain That Changes Itself: Stories of Personal Triumph from the Frontiers of Brain Science, Don Quixote, their preferences would shift toward 'Les Miserables (Grandes Novelas (Tomo)) (Spanish Edition)'. Specifically, <EXPLAIN_POS>","The user's interest in the book ""Les Miserables"" may have been influenced by their previous reading of Victor Hugo, and they were impressed with its literary quality. The review highlighted similarities between this novel and other works from the same author.",near_miss
65,"This user is likely to enjoy books that explore spirituality, life and death, and self-empowerment. They appreciate well-written stories with thought-provoking themes and fully developed characters. The user gravitates towards books that offer wisdom and insights for personal growth and success.",5776,Team of Rivals: The Political Genius of Abraham Lincoln,"Readers interested in leadership, politics, and the life of Abraham Lincoln would enjoy 'Team of Rivals: The Political Genius of Abraham Lincoln'.",12.462441444396973,12.488837242126465,0.026395797729492188,"[112, 3594, 3585]","['Predictably Irrational: The Hidden Forces That Shape Our Decisions', 'The Life and Times of the Thunderbolt Kid: A Memoir (Random House Large Print)', ""Ghost Soldiers: The Forgotten Epic Story of World War II's Most Dramatic Mission""]","[""Fans of psychology and economics, as well as individuals interested in understanding the hidden forces that shape our decisions, will enjoy 'Predictably Irrational: The Hidden Forces That Shape Our Decisions'."", ""Baby Boomers nostalgic for the good old days and those who enjoy humorous and nostalgic memoirs would enjoy 'The Life and Times of the Thunderbolt Kid'."", 'Fans of World War II history and stories of courage and heroism will enjoy Ghost Soldiers.']",0.05,10,12.345040321350098,"<s>[INST] <<SYS>>
You are a logic engine. Your goal is to explain how the BRIDGE BOOKS prove that the TARGET BOOK fits the USER PROFILE.
<</SYS>>

USER PROFILE: This user is likely to enjoy books that explore spirituality, life and death, and self-empowerment. They appreciate well-written stories with thought-provoking themes and fully developed characters. The user gravitates towards books that offer wisdom and insights for personal growth and success.
TARGET: Team of Rivals: The Political Genius of Abraham Lincoln (Readers interested in leadership, politics, and the life of Abraham Lincoln would enjoy 'Team of Rivals: The Political Genius of Abraham Lincoln'.)
BRIDGES:
- Predictably Irrational: The Hidden Forces That Shape Our Decisions: Fans of psychology and economics, as well as individuals interested in understanding the hidden forces that shape our decisions, will enjoy 'Predictably Irrational: The Hidden Forces That Shape Our Decisions'.
- The Life and Times of the Thunderbolt Kid: A Memoir (Random House Large Print): Baby Boomers nostalgic for the good old days and those who enjoy humorous and nostalgic memoirs would enjoy 'The Life and Times of the Thunderbolt Kid'.
- Ghost Soldiers: The Forgotten Epic Story of World War II's Most Dramatic Mission: Fans of World War II history and stories of courage and heroism will enjoy Ghost Soldiers.
DATA: <USER_EMBED> <ITEM_EMBED>
[/INST] If the user explored Predictably Irrational: The Hidden Forces That Shape Our Decisions, The Life and Times of the Thunderbolt Kid: A Memoir (Random House Large Print), Ghost Soldiers: The Forgotten Epic Story of World War II's Most Dramatic Mission, their preferences would shift toward 'Team of Rivals: The Political Genius of Abraham Lincoln'. Specifically, <EXPLAIN_POS>","The user's appreciation for the book ""Team of Rivals"" and its exploration of Abraham Lincoln as a political genius, combined with their interest in history and biography, suggest that they would enjoy other books on similar topics.",near_miss
66,"Based on the user's purchases and reviews, it seems that this user enjoys reading historical fiction novels with a focus on World War II and other wartime events. The user appreciates books that provide a unique perspective on the historical events, offer insight into the lives of both survivors and perpetrators, and explore the complexities of human nature. The user also values novels that are well-researched and offer a compelling exploration of the legacy and impact of historical events on personal lives.",3255,The BOOK THIEF,"Book lovers, history enthusiasts, and those interested in World War II and the resilience of the human spirit would enjoy The Book Thief.",7.479282379150391,7.512761116027832,0.033478736877441406,"[13126, 398, 134]","['The Gift of Rain: A Novel', 'The Lacuna: A Novel (P.S.)', 'The Story Of Edgar Sawtelle']","['Readers who enjoy historical fiction set in exotic locations and appreciate complex characters will love The Gift of Rain.', ""Fans of historical fiction and literary prose would enjoy 'The Lacuna: A Novel'. The book offers a rich and enchanting narrative, blending politics, art, and culture. Barbara Kingsolver's elegant writing style sets the stage for a captivating journey through Mexico City, filled with vivid sensory details. The story's exploration of utopian dreams, identity, and history, as well as its seamless integration of real history with fictional characters, will resonate with readers seeking a thought-provoking read."", ""Fans of family sagas and coming-of-age stories with a touch of mystery will enjoy 'The Story Of Edgar Sawtelle'.""]",0.05,9,7.751553535461426,"<s>[INST] <<SYS>>
You are a logic engine. Your goal is to explain how the BRIDGE BOOKS prove that the TARGET BOOK fits the USER PROFILE.
<</SYS>>

USER PROFILE: Based on the user's purchases and reviews, it seems that this user enjoys reading historical fiction novels with a focus on World War II and other wartime events. The user appreciates books that provide a unique perspective on the historical events, offer insight into the lives of both survivors and perpetrators, and explore the complexities of human nature. The user also values novels that are well-researched and offer a compelling exploration of the legacy and impact of historical events on personal lives.
TARGET: The BOOK THIEF (Book lovers, history enthusiasts, and those interested in World War II and the resilience of the human spirit would enjoy The Book Thief.)
BRIDGES:
- The Gift of Rain: A Novel: Readers who enjoy historical fiction set in exotic locations and appreciate complex characters will love The Gift of Rain.
- The Lacuna: A Novel (P.S.): Fans of historical fiction and literary prose would enjoy 'The Lacuna: A Novel'. The book offers a rich and enchanting narrative, blending politics, art, and culture. Barbara Kingsolver's elegant writing style sets the stage for a captivating journey through Mexico City, filled with vivid sensory details. The story's exploration of utopian dreams, identity, and history, as well as its seamless integration of real history with fictional characters, will resonate with readers seeking a thought-provoking read.
- The Story Of Edgar Sawtelle: Fans of family sagas and coming-of-age stories with a touch of mystery will enjoy 'The Story Of Edgar Sawtelle'.
DATA: <USER_EMBED> <ITEM_EMBED>
[/INST] If the user explored The Gift of Rain: A Novel, The Lacuna: A Novel (P.S.), The Story Of Edgar Sawtelle, their preferences would shift toward 'The BOOK THIEF'. Specifically, <EXPLAIN_POS>","the user's interest in historical fiction, their appreciation for well-researched novels with unique perspectives on history and human nature, as well as a preference towards books that offer insight into both survivors and perpetrators would make The BOOK THIEF an appealing choice.",near_miss
67,"This user is likely to enjoy books in the genres of historical non-fiction, biographies, historical fiction, and mysteries.",913,The Heist (Gabriel Allon),Fans of espionage thrillers and political dramas will enjoy this book.,8.271930694580078,8.29382038116455,0.021889686584472656,"[3570, 1402, 12987]","['The Kill Artist', 'Prince of Fire', ""Harry Truman's Excellent Adventure: The True Story of a Great American Road Trip""]","['Fans of espionage and political thrillers would enjoy The Kill Artist.', 'Users who are interested in purchasing this specific edition of the book will enjoy Prince of Fire.', ""History buffs, fans of road trips, and those interested in the personal lives of political figures would enjoy this book about Harry and Bess Truman's postpresidential road trip""]",0.05,10,8.47197437286377,"<s>[INST] <<SYS>>
You are a logic engine. Your goal is to explain how the BRIDGE BOOKS prove that the TARGET BOOK fits the USER PROFILE.
<</SYS>>

USER PROFILE: This user is likely to enjoy books in the genres of historical non-fiction, biographies, historical fiction, and mysteries.
TARGET: The Heist (Gabriel Allon) (Fans of espionage thrillers and political dramas will enjoy this book.)
BRIDGES:
- The Kill Artist: Fans of espionage and political thrillers would enjoy The Kill Artist.
- Prince of Fire: Users who are interested in purchasing this specific edition of the book will enjoy Prince of Fire.
- Harry Truman's Excellent Adventure: The True Story of a Great American Road Trip: History buffs, fans of road trips, and those interested in the personal lives of political figures would enjoy this book about Harry and Bess Truman's postpresidential road trip
DATA: <USER_EMBED> <ITEM_EMBED>
[/INST] If the user explored The Kill Artist, Prince of Fire, Harry Truman's Excellent Adventure: The True Story of a Great American Road Trip, their preferences would shift toward 'The Heist (Gabriel Allon)'. Specifically, <EXPLAIN_POS>","the user would enjoy The Heist because it offers a thrilling and exciting plot with an interesting protagonist, intricate details about art forgery, and unexpected twists. Additionally, the book's historical setting in Venice adds depth to its appeal.",near_miss
68,"This user is likely to enjoy emotional and historical fiction, stories about the foster care system, intergenerational relationships, philosophical reflections on life, women's literature, and coming-of-age stories.",754,The House Girl: A Novel (P.S.),Fans of historical fiction and mysteries will enjoy The House Girl: A Novel (P.S.),9.419196128845215,9.538069725036621,0.11887359619140625,"[5252, 8550, 15165]","['Rosemary: The Hidden Kennedy Daughter', 'The Good House: A Novel', 'One Thousand White Women by Fergus, Jim 1 edition (2007)']","['Fans of biographies and those interested in the history of the Kennedy family would enjoy this book.', 'Fans of psychological thrillers and character-driven novels would enjoy The Good House. The book delves into the perils of alcoholism and offers a nuanced portrayal of staid New England village life and the power of traditions and community.', 'Readers who enjoy historical fiction novels and are interested in the pioneer era in America would enjoy this book.']",0.4,9,10.743673324584961,"<s>[INST] <<SYS>>
You are a logic engine. Your goal is to explain how the BRIDGE BOOKS prove that the TARGET BOOK fits the USER PROFILE.
<</SYS>>

USER PROFILE: This user is likely to enjoy emotional and historical fiction, stories about the foster care system, intergenerational relationships, philosophical reflections on life, women's literature, and coming-of-age stories.
TARGET: The House Girl: A Novel (P.S.) (Fans of historical fiction and mysteries will enjoy The House Girl: A Novel (P.S.))
BRIDGES:
- Rosemary: The Hidden Kennedy Daughter: Fans of biographies and those interested in the history of the Kennedy family would enjoy this book.
- The Good House: A Novel: Fans of psychological thrillers and character-driven novels would enjoy The Good House. The book delves into the perils of alcoholism and offers a nuanced portrayal of staid New England village life and the power of traditions and community.
- One Thousand White Women by Fergus, Jim 1 edition (2007): Readers who enjoy historical fiction novels and are interested in the pioneer era in America would enjoy this book.
DATA: <USER_EMBED> <ITEM_EMBED>
[/INST] If the user explored Rosemary: The Hidden Kennedy Daughter, The Good House: A Novel, One Thousand White Women by Fergus, Jim 1 edition (2007), their preferences would shift toward 'The House Girl: A Novel (P.S.)'. Specifically, <EXPLAIN_POS>","1) The user's interest in the Kennedy family, 2) Their desire for more information on the subject of alcoholism and its impact on families, and 3) their enjoyment of historical fiction novels set during that time period.",near_miss
69,"This user is likely to enjoy books that are emotional and heartfelt, with a historical setting or political drama. They also appreciate fun, easy reads and romance novels with elements of history and the paranormal.",5381,The Martian,"Fans of thrilling survival stories, science fiction enthusiasts, and readers who appreciate technical accuracy and humor will enjoy The Martian.",9.436720848083496,9.44699478149414,0.010273933410644531,"[1254, 1761, 819]","[""The Handmaid's Tale (Contemporary Classics)"", 'Life of Pi', 'The Ocean at the End of the Lane CD: A Novel']","[""Fans of dystopian fiction and feminist literature would enjoy The Handmaid's Tale. The book explores themes of oppressive states, female subjugation, and the resilience of desire."", ""Adventure enthusiasts and readers with an interest in spirituality would enjoy 'Life of Pi' by Yann Martel. The book explores themes of survival and faith through the captivating story of 16-year-old Pi Patel's journey on a lifeboat with a Bengal tiger. It offers a magical and thought-provoking reading experience."", ""Fans of spooky and magical stories will enjoy 'The Ocean at the End of the Lane CD: A Novel'.""]",0.05,8,9.794758796691895,"<s>[INST] <<SYS>>
You are a logic engine. Your goal is to explain how the BRIDGE BOOKS prove that the TARGET BOOK fits the USER PROFILE.
<</SYS>>

USER PROFILE: This user is likely to enjoy books that are emotional and heartfelt, with a historical setting or political drama. They also appreciate fun, easy reads and romance novels with elements of history and the paranormal.
TARGET: The Martian (Fans of thrilling survival stories, science fiction enthusiasts, and readers who appreciate technical accuracy and humor will enjoy The Martian.)
BRIDGES:
- The Handmaid's Tale (Contemporary Classics): Fans of dystopian fiction and feminist literature would enjoy The Handmaid's Tale. The book explores themes of oppressive states, female subjugation, and the resilience of desire.
- Life of Pi: Adventure enthusiasts and readers with an interest in spirituality would enjoy 'Life of Pi' by Yann Martel. The book explores themes of survival and faith through the captivating story of 16-year-old Pi Patel's journey on a lifeboat with a Bengal tiger. It offers a magical and thought-provoking reading experience.
- The Ocean at the End of the Lane CD: A Novel: Fans of spooky and magical stories will enjoy 'The Ocean at the End of the Lane CD: A Novel'.
DATA: <USER_EMBED> <ITEM_EMBED>
[/INST] If the user explored The Handmaid's Tale (Contemporary Classics), Life of Pi, The Ocean at the End of the Lane CD: A Novel, their preferences would shift toward 'The Martian'. Specifically, <EXPLAIN_POS>","""The Martian"" and its author Andy Weir are similar to the user's preferences, but with a different tone. The user may enjoy these books for their thrilling survival stories or humorous elements.",near_miss
70,"This user is likely to enjoy historical fiction books with rich character development and compelling storytelling. They enjoy stories that span generations and multiple locations, with elements of tragedy, romance, and adventure. The user also appreciates heartwarming and bittersweet tales centered around human connections. Themes of friendship, family bonds, and coming-of-age are also appealing to them.",2514,The Goldfinch: A Novel (Pulitzer Prize for Fiction),"Fans of coming-of-age stories with elements of tragedy, mystery, and art appreciation would enjoy The Goldfinch.",12.632827758789062,12.702027320861816,0.0691995620727539,"[211, 13029, 4800]","['How Green Was My Valley', 'The Good Lord Bird: A Novel', 'The Unlikely Pilgrimage of Harold Fry: A Novel']","[""Readers who enjoy nostalgic coming-of-age stories and appreciate themes of community and resilience would enjoy 'How Green Was My Valley'"", 'Fans of historical novels and those interested in American history would enjoy The Good Lord Bird. The book provides an evocative escapade and a fresh perspective on a sobering chapter in American history. It is recommended for readers who appreciate sizzling historical novels that combine elements of western satire and insurrection narratives.', 'Fans of poignant and transformative novels, as well as those who appreciate stories of faith, redemption, and courage, would enjoy The Unlikely Pilgrimage of Harold Fry.']",0.05,10,12.617393493652344,"<s>[INST] <<SYS>>
You are a logic engine. Your goal is to explain how the BRIDGE BOOKS prove that the TARGET BOOK fits the USER PROFILE.
<</SYS>>

USER PROFILE: This user is likely to enjoy historical fiction books with rich character development and compelling storytelling. They enjoy stories that span generations and multiple locations, with elements of tragedy, romance, and adventure. The user also appreciates heartwarming and bittersweet tales centered around human connections. Themes of friendship, family bonds, and coming-of-age are also appealing to them.
TARGET: The Goldfinch: A Novel (Pulitzer Prize for Fiction) (Fans of coming-of-age stories with elements of tragedy, mystery, and art appreciation would enjoy The Goldfinch.)
BRIDGES:
- How Green Was My Valley: Readers who enjoy nostalgic coming-of-age stories and appreciate themes of community and resilience would enjoy 'How Green Was My Valley'
- The Good Lord Bird: A Novel: Fans of historical novels and those interested in American history would enjoy The Good Lord Bird. The book provides an evocative escapade and a fresh perspective on a sobering chapter in American history. It is recommended for readers who appreciate sizzling historical novels that combine elements of western satire and insurrection narratives.
- The Unlikely Pilgrimage of Harold Fry: A Novel: Fans of poignant and transformative novels, as well as those who appreciate stories of faith, redemption, and courage, would enjoy The Unlikely Pilgrimage of Harold Fry.
DATA: <USER_EMBED> <ITEM_EMBED>
[/INST] If the user explored How Green Was My Valley, The Good Lord Bird: A Novel, The Unlikely Pilgrimage of Harold Fry: A Novel, their preferences would shift toward 'The Goldfinch: A Novel (Pulitzer Prize for Fiction)'. Specifically, <EXPLAIN_POS>","the user would appreciate The Goldfinch's themes of grief, loss, and redemption, as well as its exploration of artistic expression.",near_miss
71,"This user is likely to enjoy books that feature flawed characters in small-town settings, historical fiction with well-researched events and fictional characters, and biographies of significant historical figures. They appreciate well-narrated audiobooks.",1911,World War Z: An Oral History of the Zombie War,Fans of post-apocalyptic fiction and those interested in political satire would enjoy this book.,9.415645599365234,9.421334266662598,0.005688667297363281,"[2869, 329, 1568]","[""Childhood's End"", 'Slaughterhouse Five', 'The Gunslinger (The Dark Tower, Book 1)']","[""Fans of speculative fiction and philosophical explorations would enjoy Childhood's End."", 'Fans of science fiction, absurdist literature, and books with nonlinear narratives would enjoy Slaughterhouse Five.', 'Fans of Stephen King and epic fantasy novels will enjoy The Gunslinger (The Dark Tower, Book 1).']",0.15,10,9.708969116210938,"<s>[INST] <<SYS>>
You are a logic engine. Your goal is to explain how the BRIDGE BOOKS prove that the TARGET BOOK fits the USER PROFILE.
<</SYS>>

USER PROFILE: This user is likely to enjoy books that feature flawed characters in small-town settings, historical fiction with well-researched events and fictional characters, and biographies of significant historical figures. They appreciate well-narrated audiobooks.
TARGET: World War Z: An Oral History of the Zombie War (Fans of post-apocalyptic fiction and those interested in political satire would enjoy this book.)
BRIDGES:
- Childhood's End: Fans of speculative fiction and philosophical explorations would enjoy Childhood's End.
- Slaughterhouse Five: Fans of science fiction, absurdist literature, and books with nonlinear narratives would enjoy Slaughterhouse Five.
- The Gunslinger (The Dark Tower, Book 1): Fans of Stephen King and epic fantasy novels will enjoy The Gunslinger (The Dark Tower, Book 1).
DATA: <USER_EMBED> <ITEM_EMBED>
[/INST] If the user explored Childhood's End, Slaughterhouse Five, The Gunslinger (The Dark Tower, Book 1), their preferences would shift toward 'World War Z: An Oral History of the Zombie War'. Specifically, <EXPLAIN_POS>","the user's interest in post-apocalyptic fiction and political satire would make them a good match for World War Z. The BRIDGES mentioned above, such as ""Childhood End"" by Arthur C Clarke or ""The Gunslinger (the Dark Tower Book 1)"" by Stephen King, could help connect readers to similar books that fit their preferences.",near_miss
72,"Based on the user's reviews and ratings, this user is likely to enjoy satirical fiction, historical fiction, war stories, and epic historical novels. The user appreciates books that have a deep understanding of American culture and life, as well as a blend of adventure, love, and knowledge. The user values books with extensive historical context that provide insights into different parts of the world.",5776,Team of Rivals: The Political Genius of Abraham Lincoln,"Readers interested in leadership, politics, and the life of Abraham Lincoln would enjoy 'Team of Rivals: The Political Genius of Abraham Lincoln'.",9.888449668884277,9.906852722167969,0.018403053283691406,"[267, 1867, 88]","['The Professor and the Madman', 'Letter to a Christian Nation', 'Fear and Loathing in Las Vegas (Harper Perennial Modern Classics)']","['Readers who enjoy historical non-fiction and stories about human triumph over adversity would enjoy this book.', ""Users who would enjoy 'Letter to a Christian Nation' are those who hold no religious doctrine, are concerned about the unification of church and state, support the sciences, and value rational thought. It is a book that challenges deeply held superstitions and bigotry, with a message that our nation is in jeopardy if science and rational thought are under attack. It is recommended for those who are open-minded and willing to critically evaluate religious beliefs."", 'Fans of counterculture, dark humor, and unconventional storytelling will enjoy Fear and Loathing in Las Vegas.']",0.2,9,9.85420036315918,"<s>[INST] <<SYS>>
You are a logic engine. Your goal is to explain how the BRIDGE BOOKS prove that the TARGET BOOK fits the USER PROFILE.
<</SYS>>

USER PROFILE: Based on the user's reviews and ratings, this user is likely to enjoy satirical fiction, historical fiction, war stories, and epic historical novels. The user appreciates books that have a deep understanding of American culture and life, as well as a blend of adventure, love, and knowledge. The user values books with extensive historical context that provide insights into different parts of the world.
TARGET: Team of Rivals: The Political Genius of Abraham Lincoln (Readers interested in leadership, politics, and the life of Abraham Lincoln would enjoy 'Team of Rivals: The Political Genius of Abraham Lincoln'.)
BRIDGES:
- The Professor and the Madman: Readers who enjoy historical non-fiction and stories about human triumph over adversity would enjoy this book.
- Letter to a Christian Nation: Users who would enjoy 'Letter to a Christian Nation' are those who hold no religious doctrine, are concerned about the unification of church and state, support the sciences, and value rational thought. It is a book that challenges deeply held superstitions and bigotry, with a message that our nation is in jeopardy if science and rational thought are under attack. It is recommended for those who are open-minded and willing to critically evaluate religious beliefs.
- Fear and Loathing in Las Vegas (Harper Perennial Modern Classics): Fans of counterculture, dark humor, and unconventional storytelling will enjoy Fear and Loathing in Las Vegas.
DATA: <USER_EMBED> <ITEM_EMBED>
[/INST] If the user explored The Professor and the Madman, Letter to a Christian Nation, Fear and Loathing in Las Vegas (Harper Perennial Modern Classics), their preferences would shift toward 'Team of Rivals: The Political Genius of Abraham Lincoln'. Specifically, <EXPLAIN_POS>","Alice's interest in history and non-fiction would be satisfied by 'Team of Rivals', while her desire for adventure, love, knowledge, and historical context could also find fulfillment. The user might enjoy this book as it offers a unique blend of all these elements.",near_miss
73,"Based on the user's purchased items and reviews, this user is likely to enjoy psychological dark tales, social commentary, classic science fiction and fantasy literature, humorous and satirical novels, and Stephen King's genre-blending storytelling. They appreciate thought-provoking narratives that challenge the human psyche, themes of societal pressures and teenage life, exploring the world of wealthy families in Manhattan, and mysteries with elements of religion and politics. They enjoy books that provide a glimpse into the lives of the super rich in New York, heartwarming stories of devotion and love, and fast-paced battles with monsters and a dark tower.",77,Fahrenheit 451,Fans of dystopian fiction and thought-provoking social commentaries would enjoy Fahrenheit 451.,10.659446716308594,10.70691967010498,0.04747295379638672,"[2786, 329, 96]","['American Psycho', 'Slaughterhouse Five', 'The Horse and His Boy (The Chronicles of Narnia)']","[""Readers who enjoy dark and psychological thrillers with a focus on the human psyche would enjoy 'American Psycho'."", 'Fans of science fiction, absurdist literature, and books with nonlinear narratives would enjoy Slaughterhouse Five.', 'Fans of fantasy and adventure genres, particularly those who enjoy parallel universes and fairy tales, would enjoy this book.']",0.1,10,10.671496391296387,"<s>[INST] <<SYS>>
You are a logic engine. Your goal is to explain how the BRIDGE BOOKS prove that the TARGET BOOK fits the USER PROFILE.
<</SYS>>

USER PROFILE: Based on the user's purchased items and reviews, this user is likely to enjoy psychological dark tales, social commentary, classic science fiction and fantasy literature, humorous and satirical novels, and Stephen King's genre-blending storytelling. They appreciate thought-provoking narratives that challenge the human psyche, themes of societal pressures and teenage life, exploring the world of wealthy families in Manhattan, and mysteries with elements of religion and politics. They enjoy books that provide a glimpse into the lives of the super rich in New York, heartwarming stories of devotion and love, and fast-paced battles with monsters and a dark tower.
TARGET: Fahrenheit 451 (Fans of dystopian fiction and thought-provoking social commentaries would enjoy Fahrenheit 451.)
BRIDGES:
- American Psycho: Readers who enjoy dark and psychological thrillers with a focus on the human psyche would enjoy 'American Psycho'.
- Slaughterhouse Five: Fans of science fiction, absurdist literature, and books with nonlinear narratives would enjoy Slaughterhouse Five.
- The Horse and His Boy (The Chronicles of Narnia): Fans of fantasy and adventure genres, particularly those who enjoy parallel universes and fairy tales, would enjoy this book.
DATA: <USER_EMBED> <ITEM_EMBED>
[/INST] If the user explored American Psycho, Slaughterhouse Five, The Horse and His Boy (The Chronicles of Narnia), their preferences would shift toward 'Fahrenheit 451'. Specifically, <EXPLAIN_POS>","the user's enjoyment of Fahrenheit 451 would be due to its exploration of societal pressures, teenage life, and themes related to religion. The BRIDGES suggest that these books could appeal to a wider range of readers than initially thought.",near_miss
76,"Based on the user's purchased books, it seems that they enjoy a variety of genres, including heartwarming stories with indulgent descriptions, intense and intricate thrillers, classic Stephen King novels, and reliable recipe compilations with culinary history. The user appreciates books that offer depth and realism in their characters, as well as the ability to evoke emotions and make the reader think. They enjoy books that explore themes such as love, friendship, loyalty, revenge, and the power of food. The user values books that keep them engaged with suspense, twists, surprises, and a touch of gore. They are open to trying new forms of literature and taking risks with their reading choices.",1580,The City of Falling Angels,Fans of humorous and insightful accounts of city life will enjoy The City of Falling Angels,7.856159687042236,7.88694429397583,0.03078460693359375,"[3585, 1231, 6150]","[""Ghost Soldiers: The Forgotten Epic Story of World War II's Most Dramatic Mission"", 'Lancaster and York: The Wars of the Roses', 'Last Call: The Rise and Fall of Prohibition']","['Fans of World War II history and stories of courage and heroism will enjoy Ghost Soldiers.', ""History enthusiasts and readers who enjoy engaging and fast-paced writing would enjoy 'Lancaster and York: The Wars of the Roses'"", 'History enthusiasts and fans of intriguing stories would enjoy this book. ']",0.05,10,7.923715591430664,"<s>[INST] <<SYS>>
You are a logic engine. Your goal is to explain how the BRIDGE BOOKS prove that the TARGET BOOK fits the USER PROFILE.
<</SYS>>

USER PROFILE: Based on the user's purchased books, it seems that they enjoy a variety of genres, including heartwarming stories with indulgent descriptions, intense and intricate thrillers, classic Stephen King novels, and reliable recipe compilations with culinary history. The user appreciates books that offer depth and realism in their characters, as well as the ability to evoke emotions and make the reader think. They enjoy books that explore themes such as love, friendship, loyalty, revenge, and the power of food. The user values books that keep them engaged with suspense, twists, surprises, and a touch of gore. They are open to trying new forms of literature and taking risks with their reading choices.
TARGET: The City of Falling Angels (Fans of humorous and insightful accounts of city life will enjoy The City of Falling Angels)
BRIDGES:
- Ghost Soldiers: The Forgotten Epic Story of World War II's Most Dramatic Mission: Fans of World War II history and stories of courage and heroism will enjoy Ghost Soldiers.
- Lancaster and York: The Wars of the Roses: History enthusiasts and readers who enjoy engaging and fast-paced writing would enjoy 'Lancaster and York: The Wars of the Roses'
- Last Call: The Rise and Fall of Prohibition: History enthusiasts and fans of intriguing stories would enjoy this book. 
DATA: <USER_EMBED> <ITEM_EMBED>
[/INST] If the user explored Ghost Soldiers: The Forgotten Epic Story of World War II's Most Dramatic Mission, Lancaster and York: The Wars of the Roses, Last Call: The Rise and Fall of Prohibition, their preferences would shift toward 'The City of Falling Angels'. Specifically, <EXPLAIN_POS>","the user's interest in ""The City of Falling Angels"" may be due to their love for gripping and well-researched stories, as evidenced by their enthusiasm towards Ghost Soldiers.",near_miss
77,"Based on the books the user has purchased and their reviews, this user is likely to enjoy dark and psychological thrillers that explore themes of obsession and isolation. They also appreciate books that delve into the complexities of life, death, and the power of friendship. The user has shown an interest in books that involve supernatural abilities and moral dilemmas. Moreover, the user seems interested in books that examine the intersection of religion, reason, and faith in modern life.",1590,Collapse,Readers who are interested in the collapse of civilizations and the impact of environmental practices would enjoy this book.,12.132039070129395,12.164146423339844,0.03210735321044922,"[1278, 14914, 1867]","['White Noise (Contemporary American Fiction)', ' Books"" />', 'Letter to a Christian Nation']","[""Fans of dark humor and contemporary American fiction would enjoy 'White Noise'."", 'This book would be enjoyed by users who prefer well-preserved books without any markings or damage.', ""Users who would enjoy 'Letter to a Christian Nation' are those who hold no religious doctrine, are concerned about the unification of church and state, support the sciences, and value rational thought. It is a book that challenges deeply held superstitions and bigotry, with a message that our nation is in jeopardy if science and rational thought are under attack. It is recommended for those who are open-minded and willing to critically evaluate religious beliefs.""]",0.05,10,12.047822952270508,"<s>[INST] <<SYS>>
You are a logic engine. Your goal is to explain how the BRIDGE BOOKS prove that the TARGET BOOK fits the USER PROFILE.
<</SYS>>

USER PROFILE: Based on the books the user has purchased and their reviews, this user is likely to enjoy dark and psychological thrillers that explore themes of obsession and isolation. They also appreciate books that delve into the complexities of life, death, and the power of friendship. The user has shown an interest in books that involve supernatural abilities and moral dilemmas. Moreover, the user seems interested in books that examine the intersection of religion, reason, and faith in modern life.
TARGET: Collapse (Readers who are interested in the collapse of civilizations and the impact of environmental practices would enjoy this book.)
BRIDGES:
- White Noise (Contemporary American Fiction): Fans of dark humor and contemporary American fiction would enjoy 'White Noise'.
-  Books"" />: This book would be enjoyed by users who prefer well-preserved books without any markings or damage.
- Letter to a Christian Nation: Users who would enjoy 'Letter to a Christian Nation' are those who hold no religious doctrine, are concerned about the unification of church and state, support the sciences, and value rational thought. It is a book that challenges deeply held superstitions and bigotry, with a message that our nation is in jeopardy if science and rational thought are under attack. It is recommended for those who are open-minded and willing to critically evaluate religious beliefs.
DATA: <USER_EMBED> <ITEM_EMBED>
[/INST] If the user explored White Noise (Contemporary American Fiction),  Books"" />, Letter to a Christian Nation, their preferences would shift toward 'Collapse'. Specifically, <EXPLAIN_POS>","""Collapse"" by Jared Diamond would appeal to the user's interest in dark and psychological thrillers, as well as their appreciation for books that delve into complex themes like obsession, isolation, supernatural abilities, moral dilemmas, religion, reason, faith, civilizations, environmental practices, and impact. The BRIDGES mentioned provide a clear pathway of recommendation.",near_miss
78,"This user is likely to enjoy historical fiction, time travel, romance, thrillers, suspense novels, autobiographical books, and books about American and South African history and race relations.",11592,Maude,"Fans of historical fiction and family sagas would enjoy 'Maude', a best-selling novel by Donna. The story follows Maude, the author's grandmother, and has garnered critical acclaim and recognition. Additionally, readers who appreciate light-hearted and heartwarming tales may find enjoyment in Donna's other work, 'Conversations With Skip', a story of a shelter dog and its impact on a woman's life post-divorce. Donna's diverse writing portfolio, including thrillers, historical romances, and a children's story, caters to a wide range of interests and reading preferences.",11.773619651794434,12.03023624420166,0.25661659240722656,"[1817, 13260, 8207]","['Only Time Will Tell', 'Grandma Gatewood39;s Walk - The Inspiring Story of the Woman Who Saved the Appalachian Trail', ""Daughters of the Dragon: A Comfort Woman's Story""]","['Readers who enjoy historical fiction, family sagas, and mysteries would enjoy ""Only Time Will Tell"". ', 'This book will be enjoyed by adventure enthusiasts, history buffs, and fans of inspirational stories. ', ""Readers who appreciate important, gripping, and exceptional historical novels would enjoy Daughters of the Dragon: A Comfort Woman's Story.""]",0.15,10,11.9537992477417,"<s>[INST] <<SYS>>
You are a logic engine. Your goal is to explain how the BRIDGE BOOKS prove that the TARGET BOOK fits the USER PROFILE.
<</SYS>>

USER PROFILE: This user is likely to enjoy historical fiction, time travel, romance, thrillers, suspense novels, autobiographical books, and books about American and South African history and race relations.
TARGET: Maude (Fans of historical fiction and family sagas would enjoy 'Maude', a best-selling novel by Donna. The story follows Maude, the author's grandmother, and has garnered critical acclaim and recognition. Additionally, readers who appreciate light-hearted and heartwarming tales may find enjoyment in Donna's other work, 'Conversations With Skip', a story of a shelter dog and its impact on a woman's life post-divorce. Donna's diverse writing portfolio, including thrillers, historical romances, and a children's story, caters to a wide range of interests and reading preferences.)
BRIDGES:
- Only Time Will Tell: Readers who enjoy historical fiction, family sagas, and mysteries would enjoy ""Only Time Will Tell"". 
- Grandma Gatewood39;s Walk - The Inspiring Story of the Woman Who Saved the Appalachian Trail: This book will be enjoyed by adventure enthusiasts, history buffs, and fans of inspirational stories. 
- Daughters of the Dragon: A Comfort Woman's Story: Readers who appreciate important, gripping, and exceptional historical novels would enjoy Daughters of the Dragon: A Comfort Woman's Story.
DATA: <USER_EMBED> <ITEM_EMBED>
[/INST] If the user explored Only Time Will Tell, Grandma Gatewood39;s Walk - The Inspiring Story of the Woman Who Saved the Appalachian Trail, Daughters of the Dragon: A Comfort Woman's Story, their preferences would shift toward 'Maude'. Specifically, <EXPLAIN_POS>","""Maude"" would be the recommended book for this user, as it aligns with their interest in historical fiction and family sagas.",near_miss
79,"Based on the user's purchase history and reviews, this user is likely to enjoy books that are rich in literary and imaginative qualities. They appreciate complex narratives, intricate character development, and thought-provoking themes. Genres such as literary fiction, magical realism, historical fiction, and dystopian literature would appeal to this user.",14611,Les Miserables (Grandes Novelas (Tomo)) (Spanish Edition),"Fans of Victor Hugo's romantic novels, especially those who can read Spanish, would enjoy this book.",9.261101722717285,9.267922401428223,0.0068206787109375,"[1272, 224, 1277]","[""One Flew Over the Cuckoo's Nest"", 'All Quiet on the Western Front (with Related Readings)', 'Travels with Charley in Search of America']","[""Fans of thought-provoking and socially relevant novels that explore the human nature and critique societal norms would enjoy One Flew Over the Cuckoo's Nest."", 'Readers who enjoy historical fiction and war literature would appreciate All Quiet on the Western Front (with Related Readings).', 'This book would be enjoyed by travel enthusiasts and individuals interested in personal reflections on life and aging.']",0.4,10,9.321985244750977,"<s>[INST] <<SYS>>
You are a logic engine. Your goal is to explain how the BRIDGE BOOKS prove that the TARGET BOOK fits the USER PROFILE.
<</SYS>>

USER PROFILE: Based on the user's purchase history and reviews, this user is likely to enjoy books that are rich in literary and imaginative qualities. They appreciate complex narratives, intricate character development, and thought-provoking themes. Genres such as literary fiction, magical realism, historical fiction, and dystopian literature would appeal to this user.
TARGET: Les Miserables (Grandes Novelas (Tomo)) (Spanish Edition) (Fans of Victor Hugo's romantic novels, especially those who can read Spanish, would enjoy this book.)
BRIDGES:
- One Flew Over the Cuckoo's Nest: Fans of thought-provoking and socially relevant novels that explore the human nature and critique societal norms would enjoy One Flew Over the Cuckoo's Nest.
- All Quiet on the Western Front (with Related Readings): Readers who enjoy historical fiction and war literature would appreciate All Quiet on the Western Front (with Related Readings).
- Travels with Charley in Search of America: This book would be enjoyed by travel enthusiasts and individuals interested in personal reflections on life and aging.
DATA: <USER_EMBED> <ITEM_EMBED>
[/INST] If the user explored One Flew Over the Cuckoo's Nest, All Quiet on the Western Front (with Related Readings), Travels with Charley in Search of America, their preferences would shift toward 'Les Miserables (Grandes Novelas (Tomo)) (Spanish Edition)'. Specifically, <EXPLAIN_POS>","the user would enjoy Les Miserables because of its literary and imaginative qualities, complex narratives with intricate character development, thought-provoking themes, and appealing genres like historical fiction.",near_miss
80,"This user is likely to enjoy books with philosophical and spiritual themes, dystopian fiction with exploration of free will and redemption, classic science fiction with deep philosophical questions, and historical fiction with political dramas.",416,Watership Down (Perennial Classics),Readers who enjoy suspenseful and adventurous stories would enjoy Watership Down.,8.98929500579834,9.261567115783691,0.27227210998535156,"[1277, 227, 4745]","['Travels with Charley in Search of America', 'Animal Farm with Connections (HRW Library Study Guides)', 'Rich Dad Poor Dad (What the Rich Teach Their Kids About Money - That the Poor and Middle Class Do Not!)']","['This book would be enjoyed by travel enthusiasts and individuals interested in personal reflections on life and aging.', 'Users who enjoy studying literature with historical connections would enjoy Animal Farm with Connections (HRW Library Study Guides).', 'Users who want to improve their personal finance knowledge and learn about a different perspective on wealth would enjoy this book.']",0.5,9,9.73044490814209,"<s>[INST] <<SYS>>
You are a logic engine. Your goal is to explain how the BRIDGE BOOKS prove that the TARGET BOOK fits the USER PROFILE.
<</SYS>>

USER PROFILE: This user is likely to enjoy books with philosophical and spiritual themes, dystopian fiction with exploration of free will and redemption, classic science fiction with deep philosophical questions, and historical fiction with political dramas.
TARGET: Watership Down (Perennial Classics) (Readers who enjoy suspenseful and adventurous stories would enjoy Watership Down.)
BRIDGES:
- Travels with Charley in Search of America: This book would be enjoyed by travel enthusiasts and individuals interested in personal reflections on life and aging.
- Animal Farm with Connections (HRW Library Study Guides): Users who enjoy studying literature with historical connections would enjoy Animal Farm with Connections (HRW Library Study Guides).
- Rich Dad Poor Dad (What the Rich Teach Their Kids About Money - That the Poor and Middle Class Do Not!): Users who want to improve their personal finance knowledge and learn about a different perspective on wealth would enjoy this book.
DATA: <USER_EMBED> <ITEM_EMBED>
[/INST] If the user explored Travels with Charley in Search of America, Animal Farm with Connections (HRW Library Study Guides), Rich Dad Poor Dad (What the Rich Teach Their Kids About Money - That the Poor and Middle Class Do Not!), their preferences would shift toward 'Watership Down (Perennial Classics)'. Specifically, <EXPLAIN_POS>","the user's review of Watership Down suggests that they enjoyed it, but their preferences may change with other books.",near_miss
81,"Based on the purchased books and reviews, this user is likely to enjoy emotionally powerful stories set against a rich cultural backdrop, memoirs, coming-of-age stories, books about personal growth, and historical fiction.",1121,"The Life-Changing Magic of Tidying: A simple, effective way to banish clutter forever",Users who enjoy self-help books and are looking for a practical and effective method to declutter their lives would enjoy this book.,11.169072151184082,11.210049629211426,0.04097747802734375,"[6029, 236, 2895]","['Peony in Love: A Novel', 'A Tree Grows in Brooklyn', 'The Children of Henry VIII']","[""Fans of Lisa See's previous works and historical fiction enthusiasts would enjoy 'Peony in Love: A Novel'"", 'Readers who enjoy profound and honest novels that explore the complexities of life and provide a rich experience would enjoy A Tree Grows in Brooklyn.', 'History enthusiasts and readers interested in the Tudor dynasty would enjoy The Children of Henry VIII.']",0.05,10,11.149032592773438,"<s>[INST] <<SYS>>
You are a logic engine. Your goal is to explain how the BRIDGE BOOKS prove that the TARGET BOOK fits the USER PROFILE.
<</SYS>>

USER PROFILE: Based on the purchased books and reviews, this user is likely to enjoy emotionally powerful stories set against a rich cultural backdrop, memoirs, coming-of-age stories, books about personal growth, and historical fiction.
TARGET: The Life-Changing Magic of Tidying: A simple, effective way to banish clutter forever (Users who enjoy self-help books and are looking for a practical and effective method to declutter their lives would enjoy this book.)
BRIDGES:
- Peony in Love: A Novel: Fans of Lisa See's previous works and historical fiction enthusiasts would enjoy 'Peony in Love: A Novel'
- A Tree Grows in Brooklyn: Readers who enjoy profound and honest novels that explore the complexities of life and provide a rich experience would enjoy A Tree Grows in Brooklyn.
- The Children of Henry VIII: History enthusiasts and readers interested in the Tudor dynasty would enjoy The Children of Henry VIII.
DATA: <USER_EMBED> <ITEM_EMBED>
[/INST] If the user explored Peony in Love: A Novel, A Tree Grows in Brooklyn, The Children of Henry VIII, their preferences would shift toward 'The Life-Changing Magic of Tidying: A simple, effective way to banish clutter forever'. Specifically, <EXPLAIN_POS>","""The Life-Changing Magic of Tidying"" would be a good choice for someone who enjoys self-help books and wants to declutter their life.",near_miss
82,"This user is likely to enjoy books that are philosophical, spiritual, and fantasy in nature. They appreciate works that provide reflections on life, explore different aspects of love, and involve epic adventures in imaginative worlds. They highly value books that use captivating language and incorporate poetry into the narrative.",9,A Feast for Crows (Song of Ice and Fire),"Fans of epic fantasy novels with complex political intrigue, dark magic, and intense battles would enjoy 'A Feast for Crows' from the 'A Song of Ice and Fire' series.",5.095296859741211,5.110658645629883,0.015361785888671875,"[4602, 1902, 3237]","['Gregor and the Code of Claw (Underland Chronicles, Book 5)', 'Harry Potter and the Half-Blood Prince (Book 6)', 'Skeleton Crew']","['Fans of adventure and fantasy books, particularly those who have enjoyed the previous books in The Underland Chronicles series, would enjoy Gregor and the Code of Claw.', 'Fans of the Harry Potter series and fantasy lovers of all ages would enjoy Harry Potter and the Half-Blood Prince.', 'Fans of Stephen King and short story enthusiasts would enjoy Skeleton Crew.']",0.25,10,6.0301313400268555,"<s>[INST] <<SYS>>
You are a logic engine. Your goal is to explain how the BRIDGE BOOKS prove that the TARGET BOOK fits the USER PROFILE.
<</SYS>>

USER PROFILE: This user is likely to enjoy books that are philosophical, spiritual, and fantasy in nature. They appreciate works that provide reflections on life, explore different aspects of love, and involve epic adventures in imaginative worlds. They highly value books that use captivating language and incorporate poetry into the narrative.
TARGET: A Feast for Crows (Song of Ice and Fire) (Fans of epic fantasy novels with complex political intrigue, dark magic, and intense battles would enjoy 'A Feast for Crows' from the 'A Song of Ice and Fire' series.)
BRIDGES:
- Gregor and the Code of Claw (Underland Chronicles, Book 5): Fans of adventure and fantasy books, particularly those who have enjoyed the previous books in The Underland Chronicles series, would enjoy Gregor and the Code of Claw.
- Harry Potter and the Half-Blood Prince (Book 6): Fans of the Harry Potter series and fantasy lovers of all ages would enjoy Harry Potter and the Half-Blood Prince.
- Skeleton Crew: Fans of Stephen King and short story enthusiasts would enjoy Skeleton Crew.
DATA: <USER_EMBED> <ITEM_EMBED>
[/INST] If the user explored Gregor and the Code of Claw (Underland Chronicles, Book 5), Harry Potter and the Half-Blood Prince (Book 6), Skeleton Crew, their preferences would shift toward 'A Feast for Crows (Song of Ice and Fire)'. Specifically, <EXPLAIN_POS>","the user's enjoyment of ""A Feast for Crows"" would be significantly higher if they had read Gregor and Code Claw first, as it provided a better understanding of world-building.",near_miss
84,"Based on the user's reviews and ratings, it can be concluded that this user is likely to enjoy books from various genres including historical fiction, romantic suspense, romantic drama, and heartwarming stories with mystery elements.",4551,Before We Were Yours: A Novel,"Fans of historical fiction and emotionally powerful stories would enjoy 'Before We Were Yours: A Novel' by Lisa Wingate. This book explores the devastating impact of family secrets and the resilience of sibling love. It delves into the dark history of children being forcibly taken from their parents and sold for adoption. With its heartfelt and genuine portrayal of home and family from a young protagonist's perspective, this novel will resonate with readers who appreciate deep character development and thought-provoking themes. The gripping storytelling and immersive writing style make it an ideal choice for book clubs, providing ample material for discussion. 'Before We Were Yours' is a powerful and affecting read that will leave a lasting impression.",10.271984100341797,10.308659553527832,0.036675453186035156,"[8837, 2289, 5950]","['An Invisible Thread: The True Story of an 11-Year-Old Panhandler, a Busy Sales Executive, and an Unlikely Meeting with Destiny (Wheeler Large Print Book Series)', 'One Thousand White Women: The Journals of May Dodd', 'The Wedding Dress']","['This book would appeal to readers who enjoy heartwarming stories and are interested in the power of small acts of kindness.', 'Fans of historical fiction with strong female characters and an interest in Native American culture and U.S. history would enjoy One Thousand White Women: The Journals of May Dodd.', ""Fans of heartwarming stories with a touch of spirituality and a focus on family will enjoy 'The Wedding Dress'.""]",0.05,8,10.538418769836426,"<s>[INST] <<SYS>>
You are a logic engine. Your goal is to explain how the BRIDGE BOOKS prove that the TARGET BOOK fits the USER PROFILE.
<</SYS>>

USER PROFILE: Based on the user's reviews and ratings, it can be concluded that this user is likely to enjoy books from various genres including historical fiction, romantic suspense, romantic drama, and heartwarming stories with mystery elements.
TARGET: Before We Were Yours: A Novel (Fans of historical fiction and emotionally powerful stories would enjoy 'Before We Were Yours: A Novel' by Lisa Wingate. This book explores the devastating impact of family secrets and the resilience of sibling love. It delves into the dark history of children being forcibly taken from their parents and sold for adoption. With its heartfelt and genuine portrayal of home and family from a young protagonist's perspective, this novel will resonate with readers who appreciate deep character development and thought-provoking themes. The gripping storytelling and immersive writing style make it an ideal choice for book clubs, providing ample material for discussion. 'Before We Were Yours' is a powerful and affecting read that will leave a lasting impression.)
BRIDGES:
- An Invisible Thread: The True Story of an 11-Year-Old Panhandler, a Busy Sales Executive, and an Unlikely Meeting with Destiny (Wheeler Large Print Book Series): This book would appeal to readers who enjoy heartwarming stories and are interested in the power of small acts of kindness.
- One Thousand White Women: The Journals of May Dodd: Fans of historical fiction with strong female characters and an interest in Native American culture and U.S. history would enjoy One Thousand White Women: The Journals of May Dodd.
- The Wedding Dress: Fans of heartwarming stories with a touch of spirituality and a focus on family will enjoy 'The Wedding Dress'.
DATA: <USER_EMBED> <ITEM_EMBED>
[/INST] If the user explored An Invisible Thread: The True Story of an 11-Year-Old Panhandler, a Busy Sales Executive, and an Unlikely Meeting with Destiny (Wheeler Large Print Book Series), One Thousand White Women: The Journals of May Dodd, The Wedding Dress, their preferences would shift toward 'Before We Were Yours: A Novel'. Specifically, <EXPLAIN_POS>","the user would be interested in stories with a mix of romance and historical fiction, as well as books that explore family secrets. The user's interest may also shift towards other genres like mystery.",near_miss
85,"This user is likely to enjoy fantasy and adventure novels with intricate world-building and complex characters. They also appreciate emotional and heartfelt stories about love, family, and personal growth.",6191,City of Bones (The Mortal Instruments),Fans of young adult urban fantasy novels with a taste for intricate worldbuilding and supernatural elements would enjoy this book.,9.51294231414795,9.595914840698242,0.08297252655029297,"[1436, 586, 185]","['The Son of Neptune (Heroes of Olympus Book 2)', 'I Am Number Four (Lorien Legacies, Book 1)', 'A Knight of the Seven Kingdoms: Being the Adventures of Ser Duncan the Tall, and His Squire, Egg']","['Fans of adventure and fantasy novels, especially those interested in mythology, will enjoy The Son of Neptune (Heroes of Olympus Book 2).', ""Fans of fast-paced sci-fi novels with a focus on superpowers and alien battles would enjoy 'I Am Number Four'"", ""Fans of epic fantasy and adventure stories would enjoy 'A Knight of the Seven Kingdoms: Being the Adventures of Ser Duncan the Tall, and His Squire, Egg'.""]",0.05,10,9.668461799621582,"<s>[INST] <<SYS>>
You are a logic engine. Your goal is to explain how the BRIDGE BOOKS prove that the TARGET BOOK fits the USER PROFILE.
<</SYS>>

USER PROFILE: This user is likely to enjoy fantasy and adventure novels with intricate world-building and complex characters. They also appreciate emotional and heartfelt stories about love, family, and personal growth.
TARGET: City of Bones (The Mortal Instruments) (Fans of young adult urban fantasy novels with a taste for intricate worldbuilding and supernatural elements would enjoy this book.)
BRIDGES:
- The Son of Neptune (Heroes of Olympus Book 2): Fans of adventure and fantasy novels, especially those interested in mythology, will enjoy The Son of Neptune (Heroes of Olympus Book 2).
- I Am Number Four (Lorien Legacies, Book 1): Fans of fast-paced sci-fi novels with a focus on superpowers and alien battles would enjoy 'I Am Number Four'
- A Knight of the Seven Kingdoms: Being the Adventures of Ser Duncan the Tall, and His Squire, Egg: Fans of epic fantasy and adventure stories would enjoy 'A Knight of the Seven Kingdoms: Being the Adventures of Ser Duncan the Tall, and His Squire, Egg'.
DATA: <USER_EMBED> <ITEM_EMBED>
[/INST] If the user explored The Son of Neptune (Heroes of Olympus Book 2), I Am Number Four (Lorien Legacies, Book 1), A Knight of the Seven Kingdoms: Being the Adventures of Ser Duncan the Tall, and His Squire, Egg, their preferences would shift toward 'City of Bones (The Mortal Instruments)'. Specifically, <EXPLAIN_POS>","the user's love for ""City of Bones"" and their desire to explore more books in The Mortal Instruments series indicate that they are a fan.",near_miss
86,"This user is likely to enjoy a wide range of books, including historical fiction with poetic language and vivid descriptions, macabre and twisted short stories by Stephen King, magical and adventurous stories for children and young adults, and books that provide insight into the perspective of an autistic savant.",2599,The Snow Child: A Novel,"Fans of atmospheric and immersive reads will enjoy 'The Snow Child: A Novel'. The book combines elements of a Russian fairy tale with a story set in 1920s Alaska, creating a unique and captivating setting. It explores themes of love, hope, and the connection between man and nature. The descriptions of the Alaskan wilderness are vivid and beautifully written, drawing readers into the harsh yet breathtaking landscape. The narrative also touches on the power of friendship and the bond between a childless couple and a surrogate child. Overall, this book offers a compelling and enchanting reading experience.",16.099536895751953,16.29372787475586,0.19419097900390625,"[211, 768, 3861]","['How Green Was My Valley', 'The Impossible Lives of Greta Wells: A Novel', 'The Lonely Polygamist: A Novel']","[""Readers who enjoy nostalgic coming-of-age stories and appreciate themes of community and resilience would enjoy 'How Green Was My Valley'"", ""Fans of time travel stories and those who enjoy exploring 'what if' scenarios would enjoy this book. The emotionally rich and romantic nature of the story, as well as the well-imagined magical elements, make it a compelling read."", 'Readers who enjoy tragicomic family dramas with a focus on complex characters and American vernacular would enjoy The Lonely Polygamist: A Novel.']",0.3,10,14.25499153137207,"<s>[INST] <<SYS>>
You are a logic engine. Your goal is to explain how the BRIDGE BOOKS prove that the TARGET BOOK fits the USER PROFILE.
<</SYS>>

USER PROFILE: This user is likely to enjoy a wide range of books, including historical fiction with poetic language and vivid descriptions, macabre and twisted short stories by Stephen King, magical and adventurous stories for children and young adults, and books that provide insight into the perspective of an autistic savant.
TARGET: The Snow Child: A Novel (Fans of atmospheric and immersive reads will enjoy 'The Snow Child: A Novel'. The book combines elements of a Russian fairy tale with a story set in 1920s Alaska, creating a unique and captivating setting. It explores themes of love, hope, and the connection between man and nature. The descriptions of the Alaskan wilderness are vivid and beautifully written, drawing readers into the harsh yet breathtaking landscape. The narrative also touches on the power of friendship and the bond between a childless couple and a surrogate child. Overall, this book offers a compelling and enchanting reading experience.)
BRIDGES:
- How Green Was My Valley: Readers who enjoy nostalgic coming-of-age stories and appreciate themes of community and resilience would enjoy 'How Green Was My Valley'
- The Impossible Lives of Greta Wells: A Novel: Fans of time travel stories and those who enjoy exploring 'what if' scenarios would enjoy this book. The emotionally rich and romantic nature of the story, as well as the well-imagined magical elements, make it a compelling read.
- The Lonely Polygamist: A Novel: Readers who enjoy tragicomic family dramas with a focus on complex characters and American vernacular would enjoy The Lonely Polygamist: A Novel.
DATA: <USER_EMBED> <ITEM_EMBED>
[/INST] If the user explored How Green Was My Valley, The Impossible Lives of Greta Wells: A Novel, The Lonely Polygamist: A Novel, their preferences would shift toward 'The Snow Child: A Novel'. Specifically, <EXPLAIN_POS>","the user's interest in ""The Snow Child"" and their desire to read more by Eowyn Ivey, indicate that they are interested in reading novels with a unique setting of Alaska during 1920.",near_miss
87,"This user is likely to enjoy profound and honest novels that explore the complexities of life, encompass murder mysteries and courtroom dramas, delve into deep and psychological themes, and offer romantic stories with a touch of social commentary.",359,Freakonomics: A Rogue Economist Explores the Hidden Side of Everything - by Steven D. Levitt &amp; Stephen J. Dubner,"Freakonomics is a book that would appeal to curious individuals who enjoy exploring the hidden side of everyday life. It offers a fresh perspective on economics by asking unconventional questions and drawing unexpected connections. Readers who appreciate analytical thinking and are interested in topics such as crime rates, social phenomena, and parenting methods will find this book intriguing.",7.449015140533447,7.496710300445557,0.047695159912109375,"[1265, 2092, 1867]","['Claudius The God', 'A Short History of Nearly Everything: Special Illustrated Edition', 'Letter to a Christian Nation']","[""Users who enjoy historical fiction and character-driven narratives would enjoy 'Claudius The God'."", ""Science enthusiasts and curious readers of all ages would enjoy 'A Short History of Nearly Everything: Special Illustrated Edition'. With its mix of historical anecdotes, gee-whiz facts, and adept summarization, this book makes science interesting and funny. It answers questions about the universe and the world, making it a great educational resource. The wit and great details peppered throughout the book ensure an engaging read for everyone, regardless of their level of scientific knowledge."", ""Users who would enjoy 'Letter to a Christian Nation' are those who hold no religious doctrine, are concerned about the unification of church and state, support the sciences, and value rational thought. It is a book that challenges deeply held superstitions and bigotry, with a message that our nation is in jeopardy if science and rational thought are under attack. It is recommended for those who are open-minded and willing to critically evaluate religious beliefs.""]",0.05,10,7.595952987670898,"<s>[INST] <<SYS>>
You are a logic engine. Your goal is to explain how the BRIDGE BOOKS prove that the TARGET BOOK fits the USER PROFILE.
<</SYS>>

USER PROFILE: This user is likely to enjoy profound and honest novels that explore the complexities of life, encompass murder mysteries and courtroom dramas, delve into deep and psychological themes, and offer romantic stories with a touch of social commentary.
TARGET: Freakonomics: A Rogue Economist Explores the Hidden Side of Everything - by Steven D. Levitt &amp; Stephen J. Dubner (Freakonomics is a book that would appeal to curious individuals who enjoy exploring the hidden side of everyday life. It offers a fresh perspective on economics by asking unconventional questions and drawing unexpected connections. Readers who appreciate analytical thinking and are interested in topics such as crime rates, social phenomena, and parenting methods will find this book intriguing.)
BRIDGES:
- Claudius The God: Users who enjoy historical fiction and character-driven narratives would enjoy 'Claudius The God'.
- A Short History of Nearly Everything: Special Illustrated Edition: Science enthusiasts and curious readers of all ages would enjoy 'A Short History of Nearly Everything: Special Illustrated Edition'. With its mix of historical anecdotes, gee-whiz facts, and adept summarization, this book makes science interesting and funny. It answers questions about the universe and the world, making it a great educational resource. The wit and great details peppered throughout the book ensure an engaging read for everyone, regardless of their level of scientific knowledge.
- Letter to a Christian Nation: Users who would enjoy 'Letter to a Christian Nation' are those who hold no religious doctrine, are concerned about the unification of church and state, support the sciences, and value rational thought. It is a book that challenges deeply held superstitions and bigotry, with a message that our nation is in jeopardy if science and rational thought are under attack. It is recommended for those who are open-minded and willing to critically evaluate religious beliefs.
DATA: <USER_EMBED> <ITEM_EMBED>
[/INST] If the user explored Claudius The God, A Short History of Nearly Everything: Special Illustrated Edition, Letter to a Christian Nation, their preferences would shift toward 'Freakonomics: A Rogue Economist Explores the Hidden Side of Everything - by Steven D. Levitt &amp; Stephen J. Dubner'. Specifically, <EXPLAIN_POS>","the user would enjoy the book for its ability to challenge deeply held superstitions and bigotry, as well as offering a fresh perspective on economics by asking unconventional questions. The BRIDGES provided offer additional recommendations that align with these preferences.",near_miss
88,"This user is likely to enjoy a variety of genres, including health and wellness books, psychological thrillers, romance novels, and legal thrillers.",2867,The Shack,Users who enjoy thought-provoking and emotionally impactful stories with religious and philosophical themes would enjoy The Shack.,8.606749534606934,8.618693351745605,0.011943817138671875,"[400, 1138, 1226]","['The Pact: A Love Story', 'A Painted House', 'Playing for Pizza']","['Fans of young adult romance novels with a touch of tragedy would enjoy The Pact: A Love Story.', ""Readers who enjoy coming-of-age stories set in rural settings would enjoy 'A Painted House'."", 'Fans of John Grisham and readers who enjoy sports-themed fiction would enjoy this book.']",0.05,9,8.787145614624023,"<s>[INST] <<SYS>>
You are a logic engine. Your goal is to explain how the BRIDGE BOOKS prove that the TARGET BOOK fits the USER PROFILE.
<</SYS>>

USER PROFILE: This user is likely to enjoy a variety of genres, including health and wellness books, psychological thrillers, romance novels, and legal thrillers.
TARGET: The Shack (Users who enjoy thought-provoking and emotionally impactful stories with religious and philosophical themes would enjoy The Shack.)
BRIDGES:
- The Pact: A Love Story: Fans of young adult romance novels with a touch of tragedy would enjoy The Pact: A Love Story.
- A Painted House: Readers who enjoy coming-of-age stories set in rural settings would enjoy 'A Painted House'.
- Playing for Pizza: Fans of John Grisham and readers who enjoy sports-themed fiction would enjoy this book.
DATA: <USER_EMBED> <ITEM_EMBED>
[/INST] If the user explored The Pact: A Love Story, A Painted House, Playing for Pizza, their preferences would shift toward 'The Shack'. Specifically, <EXPLAIN_POS>","1) The user's interest in ""The Shack"" would increase if they read the sequel, ""Wind of Change,"" and 2) their appreciation for a variety of genres may change as time passes.",near_miss
89,"This user is likely to enjoy romance novels with strong and likable characters set in various time periods and settings. They prefer clean and enjoyable stories with elements of self-discovery and overcoming challenges. The user also enjoys realistic characters with depth, as well as themes of true love and second chances.",12227,The Christmas Mail-Order Bride (Holiday Mail-Order Brides) (Volume 1),Fans of whimsical and inspirational sweet stories set in a western town would enjoy 'The Christmas Mail-Order Bride'.,13.642459869384766,13.788919448852539,0.14645957946777344,"[11493, 10739, 6331]","['Hearts Stolen (A Texas Romance) (Volume 2)', 'Aundy (Pendleton Petticoats)', 'An Untamed Heart']","['Fans of romance novels and readers who enjoy stories with strong family values and Christian themes would enjoy this book.', 'Fans of historical western romance and stories set in the era of conflict between cattleman and sheep raisers will enjoy Aundy (Pendleton Petticoats).', 'Fans of the Red River of the North series who want to learn more about the Bjorklund family will enjoy this prequel. The book focuses on Ingeborg Strand and Roald Bjorklund in Norway, as well as their complicated relationships with other characters. While the novel may be slow-paced at times and heavily focused on details of life on the summer farm, it will please readers interested in the romance and wanting to understand the family backstory.']",0.6,10,10.628047943115234,"<s>[INST] <<SYS>>
You are a logic engine. Your goal is to explain how the BRIDGE BOOKS prove that the TARGET BOOK fits the USER PROFILE.
<</SYS>>

USER PROFILE: This user is likely to enjoy romance novels with strong and likable characters set in various time periods and settings. They prefer clean and enjoyable stories with elements of self-discovery and overcoming challenges. The user also enjoys realistic characters with depth, as well as themes of true love and second chances.
TARGET: The Christmas Mail-Order Bride (Holiday Mail-Order Brides) (Volume 1) (Fans of whimsical and inspirational sweet stories set in a western town would enjoy 'The Christmas Mail-Order Bride'.)
BRIDGES:
- Hearts Stolen (A Texas Romance) (Volume 2): Fans of romance novels and readers who enjoy stories with strong family values and Christian themes would enjoy this book.
- Aundy (Pendleton Petticoats): Fans of historical western romance and stories set in the era of conflict between cattleman and sheep raisers will enjoy Aundy (Pendleton Petticoats).
- An Untamed Heart: Fans of the Red River of the North series who want to learn more about the Bjorklund family will enjoy this prequel. The book focuses on Ingeborg Strand and Roald Bjorklund in Norway, as well as their complicated relationships with other characters. While the novel may be slow-paced at times and heavily focused on details of life on the summer farm, it will please readers interested in the romance and wanting to understand the family backstory.
DATA: <USER_EMBED> <ITEM_EMBED>
[/INST] If the user explored Hearts Stolen (A Texas Romance) (Volume 2), Aundy (Pendleton Petticoats), An Untamed Heart, their preferences would shift toward 'The Christmas Mail-Order Bride (Holiday Mail-Order Brides) (Volume 1)'. Specifically, <EXPLAIN_POS>","the user would enjoy stories with strong characters, realistic settings and themes of true love. The BRIDGES books provide a connection to these preferences by offering similar elements in their plots.",near_miss
90,"Based on the user's purchased books and reviews, this user is likely to enjoy a variety of genres including classic American literature, romance and mystery novels, dark and gritty thrillers with suspense, and action-packed crime novels with a touch of humor.",14105,item_14105,Fans of fast-paced mystery novels with a touch of humor and romance would enjoy The Housewife Assassin's Handbook.,10.260021209716797,10.282819747924805,0.022798538208007812,"[13172, 10629, 14100]","['Chez Stinky (An Alpine Grove Romantic Comedy) (Volume 1)', 'Grayson Manor Haunting (Addison Lockhart)', 'item_14100']","['Fans of chick lit, animal lovers, romantics, techies, tree huggers, and anyone seeking an escape from daily life would enjoy this book.', 'Fans of paranormal thriller novels and haunted house stories would enjoy Grayson Manor Haunting (Addison Lockhart) by Cheryl Bradshaw.', 'This book would be enjoyed by readers who like fast-paced mysteries with a dash of humor']",0.05,9,10.310165405273438,"<s>[INST] <<SYS>>
You are a logic engine. Your goal is to explain how the BRIDGE BOOKS prove that the TARGET BOOK fits the USER PROFILE.
<</SYS>>

USER PROFILE: Based on the user's purchased books and reviews, this user is likely to enjoy a variety of genres including classic American literature, romance and mystery novels, dark and gritty thrillers with suspense, and action-packed crime novels with a touch of humor.
TARGET: item_14105 (Fans of fast-paced mystery novels with a touch of humor and romance would enjoy The Housewife Assassin's Handbook.)
BRIDGES:
- Chez Stinky (An Alpine Grove Romantic Comedy) (Volume 1): Fans of chick lit, animal lovers, romantics, techies, tree huggers, and anyone seeking an escape from daily life would enjoy this book.
- Grayson Manor Haunting (Addison Lockhart): Fans of paranormal thriller novels and haunted house stories would enjoy Grayson Manor Haunting (Addison Lockhart) by Cheryl Bradshaw.
- item_14100: This book would be enjoyed by readers who like fast-paced mysteries with a dash of humor
DATA: <USER_EMBED> <ITEM_EMBED>
[/INST] If the user explored Chez Stinky (An Alpine Grove Romantic Comedy) (Volume 1), Grayson Manor Haunting (Addison Lockhart), item_14100, their preferences would shift toward 'item_14105'. Specifically, <EXPLAIN_POS>","14105 would appeal to users who enjoy fast-paced mystery novels with a touch of humor and romance, as well as those interested in chick lit.",near_miss
92,"This user is likely to enjoy historical fiction and historical romance novels, especially those set in the Scottish Highlands. They appreciate strong, independent heroines and rugged, heroic warriors. Books that explore themes of love, friendship, and the power of literature also appeal to this user.",1700,The Magicians: A Novel (Magicians Trilogy),Fans of postadolescent fantasy novels with a darker tone and coming-of-age themes would enjoy The Magicians: A Novel.,7.024685859680176,7.037212371826172,0.012526512145996094,"[54, 1185, 1395]","['Here Be Dragons', 'The Wind-Up Bird Chronicle', 'Then We Came to the End']","['Fans of historical fiction, political intrigue, and medieval England would enjoy this book.', 'Fans of surreal and thought-provoking stories with complex characters will enjoy The Wind-Up Bird Chronicle.', ""Office workers and those who can relate to the challenges and dynamics of working in a corporate environment would enjoy 'Then We Came to the End'.""]",0.05,10,7.046422958374023,"<s>[INST] <<SYS>>
You are a logic engine. Your goal is to explain how the BRIDGE BOOKS prove that the TARGET BOOK fits the USER PROFILE.
<</SYS>>

USER PROFILE: This user is likely to enjoy historical fiction and historical romance novels, especially those set in the Scottish Highlands. They appreciate strong, independent heroines and rugged, heroic warriors. Books that explore themes of love, friendship, and the power of literature also appeal to this user.
TARGET: The Magicians: A Novel (Magicians Trilogy) (Fans of postadolescent fantasy novels with a darker tone and coming-of-age themes would enjoy The Magicians: A Novel.)
BRIDGES:
- Here Be Dragons: Fans of historical fiction, political intrigue, and medieval England would enjoy this book.
- The Wind-Up Bird Chronicle: Fans of surreal and thought-provoking stories with complex characters will enjoy The Wind-Up Bird Chronicle.
- Then We Came to the End: Office workers and those who can relate to the challenges and dynamics of working in a corporate environment would enjoy 'Then We Came to the End'.
DATA: <USER_EMBED> <ITEM_EMBED>
[/INST] If the user explored Here Be Dragons, The Wind-Up Bird Chronicle, Then We Came to the End, their preferences would shift toward 'The Magicians: A Novel (Magicians Trilogy)'. Specifically, <EXPLAIN_POS>","""The Magicians: A Novel"" by Lev Grossman would appeal to the user, as it offers a compelling mix of fantasy and realism.",near_miss
93,"The user is likely to enjoy historical fiction novels set during significant periods of American history, such as 'North and South' and 'Girl in the Blue Coat'. They appreciate well-developed characters, realistic depictions of landscapes and historical facts. The user also enjoys action-packed thrillers featuring charismatic protagonists, such as 'Never Go Back: A Jack Reacher Novel'. They prefer stories that keep them engaged, with brief but informative descriptions. Additionally, the user enjoys character-driven mysteries with a touch of humor, such as 'Escape Clause (A Virgil Flowers Novel)'.",678,The English Girl,"Fans of thrilling, fast-paced espionage novels with believable characters and unexpected twists would enjoy 'The English Girl'. With its combination of spy craft, suspense, and high energy plotting, this book offers a satisfying mix of entertainment and information. Gabriel Allon, the Israeli intelligence officer and protagonist, adds a unique touch to the story with his dual roles as a political operative and an artist. The book has received critical acclaim for its tight plot and roller coaster ride of action, making it a must-read for fans of the genre.",9.991819381713867,9.993789672851562,0.0019702911376953125,"[1382, 6227, 913]","['Confessor', 'The Cuban Affair', 'The Heist (Gabriel Allon)']","['Fans of complex thrillers and stories involving ancient and modern betrayal would enjoy this book.', 'Fans of adventure and political thrillers would enjoy The Cuban Affair.', 'Fans of espionage thrillers and political dramas will enjoy this book.']",0.05,8,10.199828147888184,"<s>[INST] <<SYS>>
You are a logic engine. Your goal is to explain how the BRIDGE BOOKS prove that the TARGET BOOK fits the USER PROFILE.
<</SYS>>

USER PROFILE: The user is likely to enjoy historical fiction novels set during significant periods of American history, such as 'North and South' and 'Girl in the Blue Coat'. They appreciate well-developed characters, realistic depictions of landscapes and historical facts. The user also enjoys action-packed thrillers featuring charismatic protagonists, such as 'Never Go Back: A Jack Reacher Novel'. They prefer stories that keep them engaged, with brief but informative descriptions. Additionally, the user enjoys character-driven mysteries with a touch of humor, such as 'Escape Clause (A Virgil Flowers Novel)'.
TARGET: The English Girl (Fans of thrilling, fast-paced espionage novels with believable characters and unexpected twists would enjoy 'The English Girl'. With its combination of spy craft, suspense, and high energy plotting, this book offers a satisfying mix of entertainment and information. Gabriel Allon, the Israeli intelligence officer and protagonist, adds a unique touch to the story with his dual roles as a political operative and an artist. The book has received critical acclaim for its tight plot and roller coaster ride of action, making it a must-read for fans of the genre.)
BRIDGES:
- Confessor: Fans of complex thrillers and stories involving ancient and modern betrayal would enjoy this book.
- The Cuban Affair: Fans of adventure and political thrillers would enjoy The Cuban Affair.
- The Heist (Gabriel Allon): Fans of espionage thrillers and political dramas will enjoy this book.
DATA: <USER_EMBED> <ITEM_EMBED>
[/INST] If the user explored Confessor, The Cuban Affair, The Heist (Gabriel Allon), their preferences would shift toward 'The English Girl'. Specifically, <EXPLAIN_POS>","1) The user enjoys complex thrillers with ancient and modern betrayal, 2) they appreciate well-developed characters in the Gabriel Allon series, and 3) they enjoy a mix of espionage and political dramas. Despite this shift, it's worth noting that ""The English Girl"" stands out as an exceptionally good novel among all others.",near_miss
94,"This user is likely to enjoy fantasy novels with elements of magic, mythology, and adventure, as well as thrillers with suspenseful plots and action-packed stories. They enjoy books with engaging characters and heartwarming moments. They appreciate mysteries with twists and a touch of humor, and are open to reading both young adult and adult fiction.",9686,The Wretched of Muirwood,Fans of fantasy looking for an engaging and entertaining read will enjoy The Wretched of Muirwood.,10.051982879638672,10.070732116699219,0.018749237060546875,"[9778, 9431, 8258]","[""The Emperor's Edge"", 'The Book of Deacon', 'True Calling (Volume 1)']","[""Fans of fantasy novels with a sense of humor and a love for witty banter would enjoy The Emperor's Edge."", ""Fans of Joseph R. Lallo's previous works would enjoy The Book of Deacon."", 'Fans of reality-TV, sci-fi, teenage drama, and government conspiracies would enjoy True Calling (Volume 1).']",0.05,8,10.10405445098877,"<s>[INST] <<SYS>>
You are a logic engine. Your goal is to explain how the BRIDGE BOOKS prove that the TARGET BOOK fits the USER PROFILE.
<</SYS>>

USER PROFILE: This user is likely to enjoy fantasy novels with elements of magic, mythology, and adventure, as well as thrillers with suspenseful plots and action-packed stories. They enjoy books with engaging characters and heartwarming moments. They appreciate mysteries with twists and a touch of humor, and are open to reading both young adult and adult fiction.
TARGET: The Wretched of Muirwood (Fans of fantasy looking for an engaging and entertaining read will enjoy The Wretched of Muirwood.)
BRIDGES:
- The Emperor's Edge: Fans of fantasy novels with a sense of humor and a love for witty banter would enjoy The Emperor's Edge.
- The Book of Deacon: Fans of Joseph R. Lallo's previous works would enjoy The Book of Deacon.
- True Calling (Volume 1): Fans of reality-TV, sci-fi, teenage drama, and government conspiracies would enjoy True Calling (Volume 1).
DATA: <USER_EMBED> <ITEM_EMBED>
[/INST] If the user explored The Emperor's Edge, The Book of Deacon, True Calling (Volume 1), their preferences would shift toward 'The Wretched of Muirwood'. Specifically, <EXPLAIN_POS>","The user would enjoy fantasy novels with elements of magic, mythology, and adventure. They might also appreciate thrillers with suspenseful plots and action-packed stories.",near_miss
95,"Based on the user's reviews and ratings, it is likely that they enjoy books that fall under the genres of fantasy, adventure, classic literature, and contemporary criticism. They appreciate well-written stories with little or no typos, and value books that are considered classics. The user also enjoys books that stimulate their intellect and feature magical beings and epic quests. Romantic stories with nice illustrations are also appreciated.",1255,Cross Stitch,"Fans of historical fiction, time travel, and romance would enjoy this book.",7.000740051269531,7.027438163757324,0.02669811248779297,"[3674, 3721, 3718]","['A Breath Of Snow And Ashes', ""Written in My Own Heart's Blood (Outlander)"", 'An Echo in the Bone: A Novel (Outlander)']","['Fans of historical fiction and the Outlander series would enjoy A Breath Of Snow And Ashes.', 'Fans of historical fantasy, romance, and adventure would enjoy this book.', 'Fans of adventure, historical romance, and fantasy would enjoy An Echo in the Bone: A Novel (Outlander)']",0.05,2,7.786381721496582,"<s>[INST] <<SYS>>
You are a logic engine. Your goal is to explain how the BRIDGE BOOKS prove that the TARGET BOOK fits the USER PROFILE.
<</SYS>>

USER PROFILE: Based on the user's reviews and ratings, it is likely that they enjoy books that fall under the genres of fantasy, adventure, classic literature, and contemporary criticism. They appreciate well-written stories with little or no typos, and value books that are considered classics. The user also enjoys books that stimulate their intellect and feature magical beings and epic quests. Romantic stories with nice illustrations are also appreciated.
TARGET: Cross Stitch (Fans of historical fiction, time travel, and romance would enjoy this book.)
BRIDGES:
- A Breath Of Snow And Ashes: Fans of historical fiction and the Outlander series would enjoy A Breath Of Snow And Ashes.
- Written in My Own Heart's Blood (Outlander): Fans of historical fantasy, romance, and adventure would enjoy this book.
- An Echo in the Bone: A Novel (Outlander): Fans of adventure, historical romance, and fantasy would enjoy An Echo in the Bone: A Novel (Outlander)
DATA: <USER_EMBED> <ITEM_EMBED>
[/INST] If the user explored A Breath Of Snow And Ashes, Written in My Own Heart's Blood (Outlander), An Echo in the Bone: A Novel (Outlander), their preferences would shift toward 'Cross Stitch'. Specifically, <EXPLAIN_POS>","""Cross Stitch"" and its sequels would be the best fit for a user who enjoys historical fiction, time traveling adventures with romance. The book's unique blend of genres makes it an excellent choice.",near_miss
96,"This user is likely to enjoy historical fiction, Christian romance novels, and fantasy with allegorical plots. They appreciate strong female characters, personal growth, and themes of love and faith. The user enjoys books that explore real-world issues and relationships, while still incorporating elements of Christian faith.",6443,A Lasting Impression (A Belmont Mansion Novel),Fans of historical fiction and romantic novels would enjoy this book. ,6.633772850036621,6.691053867340088,0.0572810173034668,"[7181, 7162, 7028]","['Summer of Promise (Westward Winds, Book 1) (Volume 1)', 'Lady in the Mist: A Novel (The Midwives)', 'With Every Letter: A Novel (Wings of the Nightingale) (Volume 1)']","[""Fans of historical romance novels set in the American frontier will enjoy 'Summer of Promise'. The book follows Abigail Harding as she heads to Fort Laramie in Wyoming to check on her sister. Along the way, she encounters danger, heroics, and a rugged soldier who captures her heart. Written by Amanda Cabot, a popular author of historical fiction, this heartwarming tale combines love and adventure against the backdrop of the Wyoming frontier."", ""Fans of historical romance and suspense would enjoy Lady in the Mist. The book combines the tension of relationships during a time of strained relations between America and England with a captivating love story. The protagonist's role as a midwife adds an intriguing element to the plot. The writing style is stirring and draws the reader into the story, making it a thrilling read."", ""Fans of historical fiction and romance novels would enjoy 'With Every Letter: A Novel (Wings of the Nightingale) (Volume 1)'.""]",0.2,10,7.015041351318359,"<s>[INST] <<SYS>>
You are a logic engine. Your goal is to explain how the BRIDGE BOOKS prove that the TARGET BOOK fits the USER PROFILE.
<</SYS>>

USER PROFILE: This user is likely to enjoy historical fiction, Christian romance novels, and fantasy with allegorical plots. They appreciate strong female characters, personal growth, and themes of love and faith. The user enjoys books that explore real-world issues and relationships, while still incorporating elements of Christian faith.
TARGET: A Lasting Impression (A Belmont Mansion Novel) (Fans of historical fiction and romantic novels would enjoy this book. )
BRIDGES:
- Summer of Promise (Westward Winds, Book 1) (Volume 1): Fans of historical romance novels set in the American frontier will enjoy 'Summer of Promise'. The book follows Abigail Harding as she heads to Fort Laramie in Wyoming to check on her sister. Along the way, she encounters danger, heroics, and a rugged soldier who captures her heart. Written by Amanda Cabot, a popular author of historical fiction, this heartwarming tale combines love and adventure against the backdrop of the Wyoming frontier.
- Lady in the Mist: A Novel (The Midwives): Fans of historical romance and suspense would enjoy Lady in the Mist. The book combines the tension of relationships during a time of strained relations between America and England with a captivating love story. The protagonist's role as a midwife adds an intriguing element to the plot. The writing style is stirring and draws the reader into the story, making it a thrilling read.
- With Every Letter: A Novel (Wings of the Nightingale) (Volume 1): Fans of historical fiction and romance novels would enjoy 'With Every Letter: A Novel (Wings of the Nightingale) (Volume 1)'.
DATA: <USER_EMBED> <ITEM_EMBED>
[/INST] If the user explored Summer of Promise (Westward Winds, Book 1) (Volume 1), Lady in the Mist: A Novel (The Midwives), With Every Letter: A Novel (Wings of the Nightingale) (Volume 1), their preferences would shift toward 'A Lasting Impression (A Belmont Mansion Novel)'. Specifically, <EXPLAIN_POS>","the user would enjoy it because of its unique blend of historical fiction, romance with a strong Christian theme and compelling characters.",near_miss
97,"Based on the user's reviews and ratings, this user is likely to enjoy books that are action-packed thrillers with elements of science, history, and suspense, as well as dystopian fiction and thought-provoking stories with social commentary.",9211,Doctor Sleep: A Novel,Fans of Stephen King and horror enthusiasts would enjoy Doctor Sleep: A Novel.,13.444310188293457,13.715583801269531,0.2712736129760742,"[8855, 1861, 324]","['Mr. Mercedes', 'Hoot', 'Shutter Island']","['Fans of Stephen King and thriller/mystery enthusiasts would enjoy this book.', 'This book would be enjoyed by young readers who appreciate offbeat humor, charming characters, and a sense of adventure in nature.', 'Fans of suspenseful thrillers with a touch of mystery and psychological intrigue would enjoy reading Shutter Island.']",0.15,8,13.572308540344238,"<s>[INST] <<SYS>>
You are a logic engine. Your goal is to explain how the BRIDGE BOOKS prove that the TARGET BOOK fits the USER PROFILE.
<</SYS>>

USER PROFILE: Based on the user's reviews and ratings, this user is likely to enjoy books that are action-packed thrillers with elements of science, history, and suspense, as well as dystopian fiction and thought-provoking stories with social commentary.
TARGET: Doctor Sleep: A Novel (Fans of Stephen King and horror enthusiasts would enjoy Doctor Sleep: A Novel.)
BRIDGES:
- Mr. Mercedes: Fans of Stephen King and thriller/mystery enthusiasts would enjoy this book.
- Hoot: This book would be enjoyed by young readers who appreciate offbeat humor, charming characters, and a sense of adventure in nature.
- Shutter Island: Fans of suspenseful thrillers with a touch of mystery and psychological intrigue would enjoy reading Shutter Island.
DATA: <USER_EMBED> <ITEM_EMBED>
[/INST] If the user explored Mr. Mercedes, Hoot, Shutter Island, their preferences would shift toward 'Doctor Sleep: A Novel'. Specifically, <EXPLAIN_POS>","""Doctor Sleep"" would be the best fit for this user, as it is a sequel to King's earlier work and has similar themes. The user may also enjoy other works by Stephen King such as 'The Dark Tower.'",near_miss
98,"Based on the user's reviews and ratings, the user is likely to enjoy books that have engaging storytelling, well-developed characters, and exploration of personal growth and emotional themes.",15057,Fellowship of the Ring (Lord of the Rings Part 1),Fans of epic fantasy and those who appreciate masterful storytelling would enjoy Fellowship of the Ring (Lord of the Rings Part 1),14.439014434814453,14.473339080810547,0.03432464599609375,"[291, 4591, 96]","['The Bad Beginning (A Series of Unfortunate Events, Book 1)', 'Harry Potter And The Goblet Of Fire', 'The Horse and His Boy (The Chronicles of Narnia)']","['Fans of dark humor and adventure will enjoy The Bad Beginning (A Series of Unfortunate Events, Book 1).', 'Children and young adults between the ages of 8 and 12 who enjoy fantasy and adventure stories would enjoy this book.', 'Fans of fantasy and adventure genres, particularly those who enjoy parallel universes and fairy tales, would enjoy this book.']",0.05,9,14.481100082397461,"<s>[INST] <<SYS>>
You are a logic engine. Your goal is to explain how the BRIDGE BOOKS prove that the TARGET BOOK fits the USER PROFILE.
<</SYS>>

USER PROFILE: Based on the user's reviews and ratings, the user is likely to enjoy books that have engaging storytelling, well-developed characters, and exploration of personal growth and emotional themes.
TARGET: Fellowship of the Ring (Lord of the Rings Part 1) (Fans of epic fantasy and those who appreciate masterful storytelling would enjoy Fellowship of the Ring (Lord of the Rings Part 1))
BRIDGES:
- The Bad Beginning (A Series of Unfortunate Events, Book 1): Fans of dark humor and adventure will enjoy The Bad Beginning (A Series of Unfortunate Events, Book 1).
- Harry Potter And The Goblet Of Fire: Children and young adults between the ages of 8 and 12 who enjoy fantasy and adventure stories would enjoy this book.
- The Horse and His Boy (The Chronicles of Narnia): Fans of fantasy and adventure genres, particularly those who enjoy parallel universes and fairy tales, would enjoy this book.
DATA: <USER_EMBED> <ITEM_EMBED>
[/INST] If the user explored The Bad Beginning (A Series of Unfortunate Events, Book 1), Harry Potter And The Goblet Of Fire, The Horse and His Boy (The Chronicles of Narnia), their preferences would shift toward 'Fellowship of the Ring (Lord of the Rings Part 1)'. Specifically, <EXPLAIN_POS>","the user's preferences for adventure, humor and fantasy would change to favor ""Fellowship of the Ring""",near_miss
99,"Based on the user's reviews and ratings, this user is likely to enjoy emotional and character-driven stories with a touch of romance and themes of redemption and second chances. The user also enjoys stories about love, family, and personal growth. Additionally, this user is likely to enjoy historical mystery novels and romantic fiction with charming characters.",2074,Speaking from Among the Bones: A Flavia de Luce Novel,"Fans of mystery novels, especially those with a quirky British flair, will enjoy 'Speaking from Among the Bones: A Flavia de Luce Novel'. The precocious and irrepressible Flavia, along with the charming cast of characters, captivates readers with her fiendishly brilliant sleuthing skills and entertaining adventures.",8.415261268615723,8.418072700500488,0.002811431884765625,"[6709, 1985, 9528]","['The Dark Enquiry (A Lady Julia Grey Mystery)', ""The Weed That Strings the Hangman's Bag: A Flavia de Luce Mystery"", 'item_9528']","['Fans of historical mysteries and strong female protagonists would enjoy The Dark Enquiry.', ""Fans of witty and eccentric mystery novels with a humorous protagonist would enjoy 'The Weed That Strings the Hangman's Bag: A Flavia de Luce Mystery'"", ""Fans of historical fiction and intricate plots with surprises would enjoy Julian Fellowes's Belgravia.""]",0.05,9,8.333126068115234,"<s>[INST] <<SYS>>
You are a logic engine. Your goal is to explain how the BRIDGE BOOKS prove that the TARGET BOOK fits the USER PROFILE.
<</SYS>>

USER PROFILE: Based on the user's reviews and ratings, this user is likely to enjoy emotional and character-driven stories with a touch of romance and themes of redemption and second chances. The user also enjoys stories about love, family, and personal growth. Additionally, this user is likely to enjoy historical mystery novels and romantic fiction with charming characters.
TARGET: Speaking from Among the Bones: A Flavia de Luce Novel (Fans of mystery novels, especially those with a quirky British flair, will enjoy 'Speaking from Among the Bones: A Flavia de Luce Novel'. The precocious and irrepressible Flavia, along with the charming cast of characters, captivates readers with her fiendishly brilliant sleuthing skills and entertaining adventures.)
BRIDGES:
- The Dark Enquiry (A Lady Julia Grey Mystery): Fans of historical mysteries and strong female protagonists would enjoy The Dark Enquiry.
- The Weed That Strings the Hangman's Bag: A Flavia de Luce Mystery: Fans of witty and eccentric mystery novels with a humorous protagonist would enjoy 'The Weed That Strings the Hangman's Bag: A Flavia de Luce Mystery'
- item_9528: Fans of historical fiction and intricate plots with surprises would enjoy Julian Fellowes's Belgravia.
DATA: <USER_EMBED> <ITEM_EMBED>
[/INST] If the user explored The Dark Enquiry (A Lady Julia Grey Mystery), The Weed That Strings the Hangman's Bag: A Flavia de Luce Mystery, item_9528, their preferences would shift toward 'Speaking from Among the Bones: A Flavia de Luce Novel'. Specifically, <EXPLAIN_POS>","1) The user's preference for historical mysteries with strong female protagonists and their enjoyment of ""Speaking from Among the Bones"" despite its departure from typical mystery genre, indicate a desire to explore more complex stories.",near_miss
